"AttributeName","Consistency","ValueIDS","Values","FusedValue","IsCorrect","CorrectValue"
"Actors","0.0","Actors-{actors_24|academy_awards_3187|golden_globes_2240}","{[[Actor: Vivien Leigh], [Actor: Marlon Brando], [Actor: Karl Malden], [Actor: Johnny Depp]]|[[Actor: Marlon Brando], [Actor: Karl Malden], [Actor: Vivien Leigh], [Actor: Kim Hunter]]|[[Actor: Vivien Leigh], [Actor: Kim Hunter]]}","[[Actor: Karl Malden], [Actor: Johnny Depp], [Actor: Vivien Leigh], [Actor: Marlon Brando], [Actor: Kim Hunter]]",,
"Title","1.0","Title-{actors_107|golden_globes_2205|academy_awards_2883}","{The King and I|King and I, The|The King and I}","The King and I",,
"Date","0.0","Date-{academy_awards_4207|actors_10}","{1937-01-01T00:00|1938-01-01T00:00}","1937-01-01T00:00",,
"Director","1.0","Director-{academy_awards_2570}","{Arthur Penn}","Arthur Penn",,
"Actors","0.6666666666666666","Actors-{golden_globes_1388|academy_awards_1487|actors_131}","{[[Actor: Robert Duvall], [Actor: Tess Harper]]|[[Actor: Robert Duvall]]|[[Actor: Robert Duvall]]}","[[Actor: Robert Duvall], [Actor: Tess Harper]]",,
"Title","1.0","Title-{actors_3|academy_awards_4500}","{The Divorcee|The Divorcee}","The Divorcee",,
"Title","1.0","Title-{academy_awards_2625|actors_34}","{Two Women|Two Women}","Two Women",,
"Director","1.0","Director-{academy_awards_968|golden_globes_866}","{Jane Campion|Jane Campion}","Jane Campion",,
"Date","0.6666666666666666","Date-{golden_globes_817|actors_141|academy_awards_902}","{1995-01-01T00:00|1995-01-01T00:00|1994-01-01T00:00}","1995-01-01T00:00",,
"Date","0.0","Date-{actors_97|academy_awards_3480}","{1947-01-01T00:00|1946-01-01T00:00}","1947-01-01T00:00","false","1946-01-01T00:00"
"Title","1.0","Title-{academy_awards_4446|actors_5}","{The Sin of Madelon Claudet|The Sin of Madelon Claudet}","The Sin of Madelon Claudet",,
"Director","1.0","Director-{academy_awards_1383}","{Hector Babenco}","Hector Babenco",,
"Director","0.0","Director-{golden_globes_1330|academy_awards_1430}","{Milo Forman|Milos Forman}","Milos Forman","true","Milos Forman"
"Title","1.0","Title-{golden_globes_1950|academy_awards_2194|actors_43}","{Prime Of Miss Jean Brodie, The|The Prime of Miss Jean Brodie|The Prime of Miss Jean Brodie}","The Prime of Miss Jean Brodie",,
"Director","1.0","Director-{golden_globes_562|academy_awards_608}","{Sam Mendes|Sam Mendes}","Sam Mendes",,
"Title","1.0","Title-{academy_awards_2446|golden_globes_2043|actors_115}","{My Fair Lady|My Fair Lady|My Fair Lady}","My Fair Lady",,
"Actors","0.6666666666666666","Actors-{golden_globes_1895|academy_awards_2085|actors_122}","{[[Actor: Gene Hackman]]|[[Actor: Gene Hackman], [Actor: Roy Scheider]]|[[Actor: Gene Hackman]]}","[[Actor: Gene Hackman], [Actor: Roy Scheider]]",,
"Actors","0.0","Actors-{golden_globes_2114|academy_awards_2620|actors_112}","{[[Actor: Maximilian Schell], [Actor: Judy Garland], [Actor: Montgomery Clift]]|[[Actor: Maximilian Schell], [Actor: Spencer Tracy], [Actor: Montgomery Clift], [Actor: Judy Garland]]|[[Actor: Maximilian Schell]]}","[[Actor: Montgomery Clift], [Actor: Spencer Tracy], [Actor: Judy Garland], [Actor: Maximilian Schell]]",,
"Title","1.0","Title-{golden_globes_2230|actors_103|academy_awards_3124}","{High Noon|High Noon|High Noon}","High Noon",,
"Title","1.0","Title-{academy_awards_1069|golden_globes_974|actors_65}","{The Silence of the Lambs|Silence Of The Lambs, The|The Silence of the Lambs}","The Silence of the Lambs",,
"Date","0.6666666666666666","Date-{golden_globes_2078|actors_35|academy_awards_2570}","{1963-01-01T00:00|1963-01-01T00:00|1962-01-01T00:00}","1963-01-01T00:00",,
"Date","0.6666666666666666","Date-{golden_globes_1983|actors_40|academy_awards_2288}","{1968-01-01T00:00|1968-01-01T00:00|1967-01-01T00:00}","1968-01-01T00:00",,
"Date","0.6666666666666666","Date-{academy_awards_503|golden_globes_463|actors_148}","{2001-01-01T00:00|2002-01-01T00:00|2001-01-01T00:00}","2001-01-01T00:00",,
"Date","0.6666666666666666","Date-{golden_globes_2004|academy_awards_2337|actors_117}","{1967-01-01T00:00|1966-01-01T00:00|1967-01-01T00:00}","1967-01-01T00:00",,
"Title","1.0","Title-{actors_11|academy_awards_4146}","{Jezebel|Jezebel}","Jezebel","true","Jezebel"
"Date","0.6666666666666666","Date-{actors_75|academy_awards_508|golden_globes_454}","{2002-01-01T00:00|2001-01-01T00:00|2002-01-01T00:00}","2002-01-01T00:00",,
"Title","1.0","Title-{golden_globes_1983|actors_40|academy_awards_2288}","{Guess Who's Coming To Dinner|Guess Who�s Coming to Dinner|Guess Who's Coming to Dinner}","Guess Who's Coming To Dinner",,
"Date","0.0","Date-{academy_awards_4140|actors_89}","{1938-01-01T00:00|1939-01-01T00:00}","1938-01-01T00:00",,
"Date","0.0","Date-{actors_104|academy_awards_3059}","{1954-01-01T00:00|1953-01-01T00:00}","1954-01-01T00:00","false","1953-01-01T00:00"
"Date","0.6666666666666666","Date-{academy_awards_845|golden_globes_758|actors_69}","{1995-01-01T00:00|1996-01-01T00:00|1996-01-01T00:00}","1996-01-01T00:00",,
"Title","1.0","Title-{golden_globes_2078|actors_35|academy_awards_2570}","{Miracle Worker, The|The Miracle Worker|The Miracle Worker}","The Miracle Worker",,
"Date","0.6666666666666666","Date-{golden_globes_1950|academy_awards_2194|actors_43}","{1970-01-01T00:00|1969-01-01T00:00|1970-01-01T00:00}","1970-01-01T00:00",,
"Actors","0.0","Actors-{actors_82|academy_awards_4469}","{[[Actor: Lionel Barrymore]]|[[Actor: Lionel Barrymore], [Actor: Norma Shearer]]}","[[Actor: Lionel Barrymore], [Actor: Norma Shearer]]","true","[[Actor: Lionel Barrymore], [Actor: Norma Shearer]]"
"Director","1.0","Director-{academy_awards_2334|golden_globes_2000}","{Mike Nichols|Mike Nichols}","Mike Nichols",,
"Date","0.0","Date-{academy_awards_3418|actors_98}","{1947-01-01T00:00|1948-01-01T00:00}","1947-01-01T00:00",,
"Title","0.6666666666666666","Title-{golden_globes_2114|academy_awards_2620|actors_112}","{Judgment at Nuremberg|Judgment at Nuremberg|Judgment at Nuremburg}","Judgment at Nuremberg",,
"Title","0.6666666666666666","Title-{actors_42|golden_globes_1963|academy_awards_2233}","{The Lion in Winter|Lion In Winter (1969), The|The Lion in Winter}","The Lion in Winter",,
"Actors","1.0","Actors-{actors_83|academy_awards_4444}","{[[Actor: Fredric March]]|[[Actor: Fredric March]]}","[[Actor: Fredric March]]",,
"Actors","0.0","Actors-{academy_awards_3716|actors_16}","{[[Actor: Charles Bickford], [Actor: Jennifer Jones], [Actor: Gladys Cooper], [Actor: Anne Revere]]|[[Actor: Jennifer Jones]]}","[[Actor: Jennifer Jones], [Actor: Anne Revere], [Actor: Gladys Cooper], [Actor: Charles Bickford]]",,
"Actors","0.0","Actors-{actors_18|academy_awards_3548}","{[[Actor: Joan Crawford]]|[[Actor: Joan Crawford], [Actor: Eve Arden], [Actor: Ann Blyth]]}","[[Actor: Eve Arden], [Actor: Ann Blyth], [Actor: Joan Crawford]]","true","[[Actor: Joan Crawford], [Actor: Eve Arden], [Actor: Ann Blyth]]"
"Title","1.0","Title-{academy_awards_4081|actors_12}","{Gone with the Wind|Gone With the Wind}","Gone with the Wind","true","Gone with the Wind"
"Title","1.0","Title-{actors_93|academy_awards_3813}","{Yankee Doodle Dandy|Yankee Doodle Dandy}","Yankee Doodle Dandy","true","Yankee Doodle Dandy"
"Title","1.0","Title-{academy_awards_618|actors_73|golden_globes_565}","{Boys Don't Cry|Boys Don't Cry|Boys Don't Cry}","Boys Don't Cry",,
"Date","0.6666666666666666","Date-{academy_awards_1169|golden_globes_1087|actors_63}","{1989-01-01T00:00|1990-01-01T00:00|1990-01-01T00:00}","1990-01-01T00:00",,
"Director","1.0","Director-{academy_awards_3366}","{Laurence Olivier}","Laurence Olivier","true","Laurence Olivier"
"Director","1.0","Director-{academy_awards_3124}","{Fred Zinnemann}","Fred Zinnemann",,
"Director","1.0","Director-{academy_awards_4207}","{Sidney Franklin}","Sidney Franklin","true",
"Director","1.0","Director-{academy_awards_4316}","{John Ford}","John Ford",,
"Date","0.0","Date-{actors_91|academy_awards_4015}","{1941-01-01T00:00|1940-01-01T00:00}","1941-01-01T00:00","false","1940-01-01T00:00"
"Title","1.0","Title-{golden_globes_2264|academy_awards_3300|actors_100}","{All The King's Men|All the King's Men|All the King's Men}","All The King's Men",,
"Actors","1.0","Actors-{actors_80|academy_awards_4520}","{[[Actor: Warner Baxter]]|[[Actor: Warner Baxter]]}","[[Actor: Warner Baxter]]",,
"Title","1.0","Title-{actors_76|academy_awards_453|golden_globes_414}","{The Hours|The Hours|Hours, The}","The Hours",,
"Director","1.0","Director-{golden_globes_372|academy_awards_402}","{Clint Eastwood|Clint Eastwood}","Clint Eastwood",,
"Actors","1.0","Actors-{academy_awards_4446|actors_5}","{[[Actor: Helen Hayes]]|[[Actor: Helen Hayes]]}","[[Actor: Helen Hayes]]",,
"Actors","0.6666666666666666","Actors-{actors_107|golden_globes_2205|academy_awards_2883}","{[[Actor: Yul Brynner]]|[[Actor: Yul Brynner]]|[[Actor: Yul Brynner], [Actor: Deborah Kerr]]}","[[Actor: Yul Brynner], [Actor: Deborah Kerr]]",,
"Actors","0.0","Actors-{actors_104|academy_awards_3059}","{[[Actor: William Holden]]|[[Actor: William Holden], [Actor: Robert Strauss]]}","[[Actor: Robert Strauss], [Actor: William Holden]]","true","[[Actor: William Holden], [Actor: Robert Strauss]]"
"Actors","0.6666666666666666","Actors-{academy_awards_845|golden_globes_758|actors_69}","{[[Actor: Sean Penn], [Actor: Susan Sarandon]]|[[Actor: Susan Sarandon], [Actor: Sean Penn]]|[[Actor: Susan Sarandon]]}","[[Actor: Sean Penn], [Actor: Susan Sarandon]]",,
"Title","1.0","Title-{golden_globes_2042|academy_awards_2452|actors_37}","{Mary Poppins|Mary Poppins|Mary Poppins}","Mary Poppins",,
"Actors","0.6666666666666666","Actors-{academy_awards_3001|actors_27|golden_globes_2216}","{[[Actor: Bing Crosby], [Actor: Grace Kelly]]|[[Actor: Grace Kelly]]|[[Actor: Grace Kelly]]}","[[Actor: Grace Kelly], [Actor: Bing Crosby]]",,
"Director","1.0","Director-{academy_awards_453|golden_globes_414}","{Stephen Daldry|Stephen Daldry}","Stephen Daldry",,
"Title","1.0","Title-{actors_132|golden_globes_1330|academy_awards_1430}","{Amadeus|Amadeus|Amadeus}","Amadeus","true","Amadeus"
"Title","1.0","Title-{golden_globes_1895|academy_awards_2085|actors_122}","{French Connection, The|The French Connection|The French Connection}","The French Connection",,
"Actors","0.6666666666666666","Actors-{golden_globes_1533|academy_awards_1623|actors_129}","{[[Actor: Robert De Niro], [Actor: Cathy Moriarty], [Actor: Joe Pesci]]|[[Actor: Robert De Niro], [Actor: Joe Pesci], [Actor: Cathy Moriarty]]|[[Actor: Robert De Niro]]}","[[Actor: Joe Pesci], [Actor: Robert De Niro], [Actor: Cathy Moriarty]]",,
"Director","1.0","Director-{academy_awards_3625|golden_globes_2277}","{Leo McCarey|Leo McCarey}","Leo McCarey",,
"Actors","1.0","Actors-{actors_31|academy_awards_2789|golden_globes_2164}","{[[Actor: Susan Hayward]]|[[Actor: Susan Hayward]]|[[Actor: Susan Hayward]]}","[[Actor: Susan Hayward]]",,
"Title","1.0","Title-{golden_globes_1434|actors_56|academy_awards_1541}","{Sophie's Choice|Sophie�s Choice|Sophie's Choice}","Sophie's Choice",,
"Title","1.0","Title-{golden_globes_2004|academy_awards_2337|actors_117}","{Man For All Seasons, a|A Man for All Seasons|A Man for All Seasons}","A Man for All Seasons",,
"Title","1.0","Title-{actors_147|golden_globes_513|academy_awards_553}","{Gladiator|Gladiator|Gladiator}","Gladiator",,
"Director","1.0","Director-{academy_awards_448}","{Roman Polanski}","Roman Polanski",,
"Date","0.6666666666666666","Date-{actors_120|golden_globes_1953|academy_awards_2187}","{1970-01-01T00:00|1970-01-01T00:00|1969-01-01T00:00}","1970-01-01T00:00",,
"Director","1.0","Director-{academy_awards_3001}","{George Seaton}","George Seaton",,
"Title","1.0","Title-{golden_globes_2252|actors_23|academy_awards_3252}","{Born Yesterday|Born Yesterday|Born Yesterday}","Born Yesterday",,
"Date","0.0","Date-{academy_awards_3910|actors_92}","{1941-01-01T00:00|1942-01-01T00:00}","1941-01-01T00:00","true","1941-01-01T00:00"
"Date","0.6666666666666666","Date-{academy_awards_2566|actors_113|golden_globes_2093}","{1962-01-01T00:00|1963-01-01T00:00|1963-01-01T00:00}","1963-01-01T00:00",,
"Date","0.6666666666666666","Date-{golden_globes_1286|academy_awards_1383|actors_133}","{1986-01-01T00:00|1985-01-01T00:00|1986-01-01T00:00}","1986-01-01T00:00",,
"Title","0.5","Title-{actors_126|academy_awards_1880|golden_globes_1733|actors_49}","{One Flew Over The Cuckoo's Nes|One Flew over the Cuckoo's Nest|One Flew Over The Cuckoo''s Nest|One Flew Over The Cockoo�s Nes}","One Flew Over The Cuckoo's Nes","false","One Flew over the Cuckoo's Nest"
"Date","0.0","Date-{academy_awards_4557|actors_1}","{1927-01-01T00:00|1929-01-01T00:00}","1927-01-01T00:00",,
"Actors","1.0","Actors-{golden_globes_1566|actors_53|academy_awards_1680}","{[[Actor: Sally Field]]|[[Actor: Sally Field]]|[[Actor: Sally Field]]}","[[Actor: Sally Field]]",,
"Date","0.6666666666666666","Date-{actors_132|golden_globes_1330|academy_awards_1430}","{1985-01-01T00:00|1985-01-01T00:00|1984-01-01T00:00}","1985-01-01T00:00","false","1984-01-01T00:00"
"Date","0.6666666666666666","Date-{actors_42|golden_globes_1963|academy_awards_2233}","{1969-01-01T00:00|1969-01-01T00:00|1968-01-01T00:00}","1969-01-01T00:00",,
"Title","1.0","Title-{golden_globes_1388|academy_awards_1487|actors_131}","{Tender Mercies|Tender Mercies|Tender Mercies}","Tender Mercies",,
"Actors","0.0","Actors-{academy_awards_3816|actors_15}","{[[Actor: Walter Pidgeon], [Actor: Henry Travers], [Actor: Greer Garson], [Actor: Dame May Whitty], [Actor: Teresa Wright]]|[[Actor: Greer Garson]]}","[[Actor: Henry Travers], [Actor: Greer Garson], [Actor: Dame May Whitty], [Actor: Walter Pidgeon], [Actor: Teresa Wright]]","true","[[Actor: Walter Pidgeon], [Actor: Henry Travers], [Actor: Greer Garson], [Actor: Dame May Whitty], [Actor: Teresa Wright]]"
"Director","1.0","Director-{golden_globes_1854|academy_awards_2035}","{Francis Ford Coppola|Francis Ford Coppola}","Francis Ford Coppola",,
"Actors","1.0","Actors-{actors_84|academy_awards_4442}","{[[Actor: Wallace Beery]]|[[Actor: Wallace Beery]]}","[[Actor: Wallace Beery]]",,
"Actors","0.0","Actors-{academy_awards_3186|actors_102}","{[[Actor: Humphrey Bogart], [Actor: Katharine Hepburn]]|[[Actor: Humphrey Bogart]]}","[[Actor: Katharine Hepburn], [Actor: Humphrey Bogart]]","true","[[Actor: Humphrey Bogart], [Actor: Katharine Hepburn]]"
"Title","1.0","Title-{academy_awards_1169|golden_globes_1087|actors_63}","{Driving Miss Daisy|Driving Miss Daisy|Driving Miss Daisy}","Driving Miss Daisy",,
"Title","1.0","Title-{academy_awards_2686|actors_33|golden_globes_2129}","{Butterfield 8|Butterfield 8|Butterfield 8}","Butterfield 8",,
"Actors","0.6666666666666666","Actors-{golden_globes_2187|actors_108|academy_awards_2837}","{[[Actor: Alec Guinness], [Actor: Sessue Hayakawa]]|[[Actor: Alec Guinness]]|[[Actor: Alec Guinness], [Actor: Sessue Hayakawa]]}","[[Actor: Alec Guinness], [Actor: Sessue Hayakawa]]",,
"Date","0.6666666666666666","Date-{actors_41|golden_globes_1979|academy_awards_2240}","{1969-01-01T00:00|1969-01-01T00:00|1968-01-01T00:00}","1969-01-01T00:00",,
"Director","1.0","Director-{academy_awards_3363}","{Jean Negulesco}","Jean Negulesco","true","Jean Negulesco"
"Date","0.6666666666666666","Date-{golden_globes_1566|actors_53|academy_awards_1680}","{1980-01-01T00:00|1980-01-01T00:00|1979-01-01T00:00}","1980-01-01T00:00",,
"Director","1.0","Director-{golden_globes_672}","{James L. Brooks}","James L. Brooks",,
"Title","1.0","Title-{academy_awards_3713|actors_94}","{Watch on the Rhine|Watch on the Rhine}","Watch on the Rhine","true","Watch on the Rhine"
"Title","0.6666666666666666","Title-{golden_globes_2279|academy_awards_3716|actors_16}","{Song Of Bernadette, The|The Song of Bernadette|Song of Bernadette}","Song of Bernadette",,
"Actors","0.0","Actors-{actors_126|academy_awards_1880|golden_globes_1733|actors_49}","{[[Actor: Jack Nicholson]]|[[Actor: Jack Nicholson], [Actor: Brad Dourif], [Actor: Louise Fletcher]]|[[Actor: Louise Fletcher], [Actor: Jack Nicholson]]|[[Actor: Louise Fletcher]]}","[[Actor: Brad Dourif], [Actor: Louise Fletcher], [Actor: Jack Nicholson]]","true","[[Actor: Jack Nicholson], [Actor: Brad Dourif], [Actor: Louise Fletcher]]"
"Director","1.0","Director-{golden_globes_2004|academy_awards_2337}","{Fred Zinnemann|Fred Zinnemann}","Fred Zinnemann",,
"Director","1.0","Director-{academy_awards_4080}","{Sam Wood}","Sam Wood","true","Sam Wood"
"Director","1.0","Director-{golden_globes_717|academy_awards_779}","{Scott Hicks|Scott Hicks}","Scott Hicks",,
"Actors","0.0","Actors-{academy_awards_3624|actors_17}","{[[Actor: Charles Boyer], [Actor: Ingrid Bergman], [Actor: Angela Lansbury]]|[[Actor: Ingrid Bergman]]}","[[Actor: Ingrid Bergman], [Actor: Angela Lansbury], [Actor: Charles Boyer]]","true","[[Actor: Charles Boyer], [Actor: Ingrid Bergman], [Actor: Angela Lansbury]]"
"Actors","1.0","Actors-{academy_awards_2389|golden_globes_2023|actors_116}","{[[Actor: Lee Marvin]]|[[Actor: Lee Marvin]]|[[Actor: Lee Marvin]]}","[[Actor: Lee Marvin]]",,
"Date","0.6666666666666666","Date-{golden_globes_2114|academy_awards_2620|actors_112}","{1962-01-01T00:00|1961-01-01T00:00|1962-01-01T00:00}","1962-01-01T00:00",,
"Director","1.0","Director-{academy_awards_3059}","{Billy Wilder}","Billy Wilder","true","Billy Wilder"
"Actors","0.0","Actors-{actors_42|golden_globes_1963|academy_awards_2233}","{[[Actor: Katharine Hepburn]]|[[Actor: Katharine Hepburn], [Actor: Peter O'Toole], [Actor: Jane Morrow]]|[[Actor: Peter O'Toole], [Actor: Katharine Hepburn]]}","[[Actor: Katharine Hepburn], [Actor: Jane Morrow], [Actor: Peter O'Toole]]",,
"Date","0.6666666666666666","Date-{academy_awards_1392|golden_globes_1282|actors_59}","{1985-01-01T00:00|1986-01-01T00:00|1986-01-01T00:00}","1986-01-01T00:00",,
"Date","0.0","Date-{academy_awards_664|actors_145}","{1998-01-01T00:00|1999-01-01T00:00}","1998-01-01T00:00",,
"Date","0.0","Date-{actors_3|academy_awards_4500}","{1931-01-01T00:00|1929-01-01T00:00}","1931-01-01T00:00",,
"Date","0.0","Date-{academy_awards_3423|actors_20}","{1947-01-01T00:00|1948-01-01T00:00}","1947-01-01T00:00","true","1947-01-01T00:00"
"Title","1.0","Title-{golden_globes_1533|academy_awards_1623|actors_129}","{Raging Bull|Raging Bull|Raging Bull}","Raging Bull",,
"Director","1.0","Director-{academy_awards_2446|golden_globes_2043}","{George Cukor|George Cukor}","George Cukor",,
"Date","0.0","Date-{actors_85|academy_awards_4397}","{1934-01-01T00:00|1932-01-01T00:00}","1934-01-01T00:00",,
"Actors","1.0","Actors-{actors_140|golden_globes_872|academy_awards_961}","{[[Actor: Tom Hanks]]|[[Actor: Tom Hanks]]|[[Actor: Tom Hanks]]}","[[Actor: Tom Hanks]]",,
"Director","1.0","Director-{academy_awards_4081}","{Victor Fleming}","Victor Fleming","true","Victor Fleming"
"Director","0.0","Director-{academy_awards_1880|golden_globes_1733}","{Milos Forman|Milo Forman}","Milos Forman","true","Milos Forman"
"Date","0.6666666666666666","Date-{golden_globes_2042|academy_awards_2452|actors_37}","{1965-01-01T00:00|1964-01-01T00:00|1965-01-01T00:00}","1965-01-01T00:00",,
"Actors","1.0","Actors-{academy_awards_910|actors_68|golden_globes_812}","{[[Actor: Jessica Lange]]|[[Actor: Jessica Lange]]|[[Actor: Jessica Lange]]}","[[Actor: Jessica Lange]]",,
"Actors","0.0","Actors-{actors_132|golden_globes_1330|academy_awards_1430}","{[[Actor: F. Murray Abraham]]|[[Actor: F. Murray Abraham], [Actor: Tom Hulce], [Actor: Jeffrey Jones]]|[[Actor: F. Murray Abraham], [Actor: Tom Hulce]]}","[[Actor: Tom Hulce], [Actor: F. Murray Abraham], [Actor: Jeffrey Jones]]","false","[[Actor: F. Murray Abraham], [Actor: Tom Hulce]]"
"Title","1.0","Title-{academy_awards_1435|golden_globes_1325|actors_58}","{Places in the Heart|Places In The Heart|Places in the Heart}","Places in the Heart",,
"Date","0.6666666666666666","Date-{actors_142|academy_awards_842|golden_globes_759}","{1996-01-01T00:00|1995-01-01T00:00|1996-01-01T00:00}","1996-01-01T00:00",,
"Actors","0.6666666666666666","Actors-{academy_awards_2955|golden_globes_2211|actors_28}","{[[Actor: Anna Magnani], [Actor: Marisa Pavan]]|[[Actor: Anna Magnani], [Actor: Marisa Pavan]]|[[Actor: Anna Magnani]]}","[[Actor: Anna Magnani], [Actor: Marisa Pavan]]",,
"Date","0.6666666666666666","Date-{academy_awards_409|actors_77|golden_globes_366}","{2003-01-01T00:00|2004-01-01T00:00|2004-01-01T00:00}","2004-01-01T00:00",,
"Date","0.0","Date-{academy_awards_3186|actors_102}","{1951-01-01T00:00|1952-01-01T00:00}","1952-01-01T00:00","false","1951-01-01T00:00"
"Actors","1.0","Actors-{actors_3|academy_awards_4500}","{[[Actor: Norma Shearer]]|[[Actor: Norma Shearer]]}","[[Actor: Norma Shearer]]",,
"Title","1.0","Title-{actors_70|academy_awards_781|golden_globes_720}","{Fargo|Fargo|Fargo}","Fargo",,
"Title","1.0","Title-{golden_globes_1286|academy_awards_1383|actors_133}","{Kiss Of The Spider Woman|Kiss of the Spider Woman|Kiss of the Spider Woman}","Kiss Of The Spider Woman",,
"Actors","0.0","Actors-{academy_awards_4080|actors_90}","{[[Actor: Robert Donat], [Actor: Greer Garson]]|[[Actor: Robert Donat]]}","[[Actor: Robert Donat], [Actor: Greer Garson]]","true","[[Actor: Robert Donat], [Actor: Greer Garson]]"
"Title","1.0","Title-{actors_142|academy_awards_842|golden_globes_759}","{Leaving Las Vegas|Leaving Las Vegas|Leaving Las Vegas}","Leaving Las Vegas",,
"Actors","0.6666666666666666","Actors-{golden_globes_924|actors_139|academy_awards_1012}","{[[Actor: Al Pacino], [Actor: Chris O'Donnell]]|[[Actor: Al Pacino]]|[[Actor: Al Pacino]]}","[[Actor: Al Pacino], [Actor: Chris O'Donnell]]",,
"Date","0.6666666666666666","Date-{golden_globes_1125|actors_62|academy_awards_1229}","{1989-01-01T00:00|1989-01-01T00:00|1988-01-01T00:00}","1989-01-01T00:00",,
"Date","0.6666666666666666","Date-{academy_awards_1279|golden_globes_1189|actors_61}","{1987-01-01T00:00|1988-01-01T00:00|1988-01-01T00:00}","1988-01-01T00:00",,
"Actors","0.0","Actors-{golden_globes_372|academy_awards_402|actors_150}","{[[Actor: Sean Penn], [Actor: Tim Robbins]]|[[Actor: Sean Penn], [Actor: Tim Robbins], [Actor: Marcia Gay Harden]]|[[Actor: Sean Penn]]}","[[Actor: Marcia Gay Harden], [Actor: Sean Penn], [Actor: Tim Robbins]]",,
"Director","1.0","Director-{academy_awards_1069|golden_globes_974}","{Jonathan Demme|Jonathan Demme}","Jonathan Demme",,
"Actors","1.0","Actors-{actors_64|golden_globes_1020|academy_awards_1122}","{[[Actor: Kathy Bates]]|[[Actor: Kathy Bates]]|[[Actor: Kathy Bates]]}","[[Actor: Kathy Bates]]",,
"Date","0.0","Date-{academy_awards_3816|actors_15}","{1942-01-01T00:00|1943-01-01T00:00}","1942-01-01T00:00","true","1942-01-01T00:00"
"Actors","1.0","Actors-{actors_19|academy_awards_3488}","{[[Actor: Olivia de Havilland]]|[[Actor: Olivia de Havilland]]}","[[Actor: Olivia de Havilland]]",,
"Actors","0.6666666666666666","Actors-{actors_66|academy_awards_1022|golden_globes_920}","{[[Actor: Emma Thompson]]|[[Actor: Emma Thompson], [Actor: Vanessa Redgrave]]|[[Actor: Emma Thompson]]}","[[Actor: Emma Thompson], [Actor: Vanessa Redgrave]]",,
"Title","1.0","Title-{actors_120|golden_globes_1953|academy_awards_2187}","{True Grit|True Grit|True Grit}","True Grit",,
"Date","0.6666666666666666","Date-{academy_awards_2955|golden_globes_2211|actors_28}","{1955-01-01T00:00|1956-01-01T00:00|1956-01-01T00:00}","1956-01-01T00:00",,
"Title","1.0","Title-{academy_awards_2566|actors_113|golden_globes_2093}","{To Kill a Mockingbird|To Kill a Mockingbird|To Kill a Mockingbird}","To Kill a Mockingbird",,
"Title","1.0","Title-{academy_awards_3000|actors_105|golden_globes_2217}","{On the Waterfront|On The Waterfront|On The Waterfront}","On the Waterfront",,
"Director","1.0","Director-{academy_awards_3000|golden_globes_2217}","{Elia Kazan|Elia Kazan}","Elia Kazan",,
"Actors","0.6666666666666666","Actors-{golden_globes_2042|academy_awards_2452|actors_37}","{[[Actor: Dick Van Dyke]]|[[Actor: Julie Andrews]]|[[Actor: Julie Andrews]]}","[[Actor: Julie Andrews], [Actor: Dick Van Dyke]]",,
"Director","1.0","Director-{academy_awards_3480}","{William Wyler}","William Wyler","true","William Wyler"
"Director","1.0","Director-{golden_globes_1027|academy_awards_1117}","{Barbet Schroeder|Barbet Schroeder}","Barbet Schroeder",,
"Date","0.6666666666666666","Date-{academy_awards_2506|golden_globes_2062|actors_36}","{1963-01-01T00:00|1964-01-01T00:00|1964-01-01T00:00}","1964-01-01T00:00",,
"Title","1.0","Title-{golden_globes_2187|actors_108|academy_awards_2837}","{Bridge On The River Kwai, The|The Bridge On The River Kwai|The Bridge on the River Kwai}","The Bridge On The River Kwai",,
"Title","1.0","Title-{academy_awards_2389|golden_globes_2023|actors_116}","{Cat Ballou|Cat Ballou|Cat Ballou}","Cat Ballou",,
"Date","0.6666666666666666","Date-{academy_awards_3305|golden_globes_2263|actors_22}","{1949-01-01T00:00|1950-01-01T00:00|1950-01-01T00:00}","1950-01-01T00:00",,
"Director","1.0","Director-{academy_awards_1532|golden_globes_1436}","{Richard Attenborough|Richard Attenborough}","Richard Attenborough",,
"Director","1.0","Director-{academy_awards_664}","{Roberto Benigni}","Roberto Benigni",,
"Director","1.0","Director-{academy_awards_3816}","{William Wyler}","William Wyler","true","William Wyler"
"Actors","0.0","Actors-{academy_awards_3910|actors_92}","{[[Actor: Gary Cooper], [Actor: Walter Brennan], [Actor: Margaret Wycherly]]|[[Actor: Gary Cooper]]}","[[Actor: Walter Brennan], [Actor: Margaret Wycherly], [Actor: Gary Cooper]]","true","[[Actor: Gary Cooper], [Actor: Walter Brennan], [Actor: Margaret Wycherly]]"
"Date","0.6666666666666666","Date-{academy_awards_1435|golden_globes_1325|actors_58}","{1984-01-01T00:00|1985-01-01T00:00|1985-01-01T00:00}","1985-01-01T00:00",,
"Title","1.0","Title-{actors_81|academy_awards_4491}","{Disraeli|Disraeli}","Disraeli",,
"Actors","0.6666666666666666","Actors-{golden_globes_1242|actors_134|academy_awards_1331}","{[[Actor: Paul Newman], [Actor: Mary Elizabeth Mastrantonio]]|[[Actor: Paul Newman]]|[[Actor: Paul Newman], [Actor: Mary Elizabeth Mastrantonio]]}","[[Actor: Paul Newman], [Actor: Mary Elizabeth Mastrantonio]]",,
"Date","0.0","Date-{actors_6|academy_awards_4399}","{1934-01-01T00:00|1932-01-01T00:00}","1934-01-01T00:00",,
"Date","0.0","Date-{academy_awards_2625|actors_34}","{1961-01-01T00:00|1962-01-01T00:00}","1961-01-01T00:00",,
"Date","0.6666666666666666","Date-{academy_awards_3000|actors_105|golden_globes_2217}","{1954-01-01T00:00|1955-01-01T00:00|1955-01-01T00:00}","1955-01-01T00:00",,
"Director","1.0","Director-{academy_awards_1489|golden_globes_1384}","{James L. Brooks|James L. Brooks}","James L. Brooks",,
"Date","0.6666666666666666","Date-{academy_awards_2731|golden_globes_2147|actors_32}","{1959-01-01T00:00|1960-01-01T00:00|1960-01-01T00:00}","1960-01-01T00:00",,
"Director","1.0","Director-{golden_globes_1983|academy_awards_2288}","{Stanley Kramer|Stanley Kramer}","Stanley Kramer",,
"Actors","0.0","Actors-{academy_awards_3363|actors_21}","{[[Actor: Lew Ayres], [Actor: Charles Bickford], [Actor: Jane Wyman], [Actor: Agnes Moorehead]]|[[Actor: Jane Wyman]]}","[[Actor: Lew Ayres], [Actor: Agnes Moorehead], [Actor: Jane Wyman], [Actor: Charles Bickford]]","true","[[Actor: Lew Ayres], [Actor: Charles Bickford], [Actor: Jane Wyman], [Actor: Agnes Moorehead]]"
"Date","0.6666666666666666","Date-{golden_globes_1388|academy_awards_1487|actors_131}","{1984-01-01T00:00|1983-01-01T00:00|1984-01-01T00:00}","1984-01-01T00:00",,
"Title","1.0","Title-{academy_awards_1776|actors_51|golden_globes_1656}","{Annie Hall|Annie Hall|Annie Hall}","Annie Hall",,
"Actors","1.0","Actors-{academy_awards_409|actors_77|golden_globes_366}","{[[Actor: Charlize Theron]]|[[Actor: Charlize Theron]]|[[Actor: Charlize Theron]]}","[[Actor: Charlize Theron]]",,
"Actors","0.6666666666666666","Actors-{academy_awards_1778|actors_127|golden_globes_1657}","{[[Actor: Richard Dreyfuss], [Actor: Marsha Mason], [Actor: Quinn Cummings]]|[[Actor: Richard Dreyfuss]]|[[Actor: Marsha Mason], [Actor: Richard Dreyfuss], [Actor: Quinn Cummings]]}","[[Actor: Quinn Cummings], [Actor: Richard Dreyfuss], [Actor: Marsha Mason]]",,
"Date","0.6666666666666666","Date-{golden_globes_2226|academy_awards_3132|actors_25}","{1953-01-01T00:00|1952-01-01T00:00|1953-01-01T00:00}","1953-01-01T00:00",,
"Title","1.0","Title-{actors_80|academy_awards_4520}","{In Old Arizona|In Old Arizona}","In Old Arizona",,
"Actors","0.0","Actors-{academy_awards_2675|golden_globes_2128|actors_111}","{[[Actor: Burt Lancaster], [Actor: Shirley Jones]]|[[Actor: Jean Simmons], [Actor: Burt Lancaster], [Actor: Shirley Jones]]|[[Actor: Burt Lancaster]]}","[[Actor: Shirley Jones], [Actor: Burt Lancaster], [Actor: Jean Simmons]]",,
"Title","1.0","Title-{golden_globes_1566|actors_53|academy_awards_1680}","{Norma Rae|Norma Rae|Norma Rae}","Norma Rae",,
"Date","0.0","Date-{actors_11|academy_awards_4146}","{1939-01-01T00:00|1938-01-01T00:00}","1939-01-01T00:00","false","1938-01-01T00:00"
"Actors","0.0","Actors-{academy_awards_1731|actors_52|golden_globes_1608}","{[[Actor: Jon Voight], [Actor: Bruce Dern], [Actor: Jane Fonda], [Actor: Penelope Milford]]|[[Actor: Jane Fonda], [Actor: Jon Voight]]|[[Actor: Jane Fonda], [Actor: Jon Voight], [Actor: Bruce Dern]]}","[[Actor: Bruce Dern], [Actor: Jon Voight], [Actor: Jane Fonda], [Actor: Penelope Milford]]",,
"Actors","0.6666666666666666","Actors-{academy_awards_1988|golden_globes_1814|actors_124}","{[[Actor: Jack Lemmon], [Actor: Jack Gilford]]|[[Actor: Jack Lemmon], [Actor: Jack Gilford]]|[[Actor: Jack Lemmon]]}","[[Actor: Jack Gilford], [Actor: Jack Lemmon]]",,
"Director","1.0","Director-{academy_awards_2732|golden_globes_2150}","{William Wyler|William Wyler}","William Wyler",,
"Date","0.6666666666666666","Date-{actors_147|golden_globes_513|academy_awards_553}","{2001-01-01T00:00|2001-01-01T00:00|2000-01-01T00:00}","2001-01-01T00:00",,
"Date","0.6666666666666666","Date-{golden_globes_2279|academy_awards_3716|actors_16}","{1944-01-01T00:00|1943-01-01T00:00|1944-01-01T00:00}","1944-01-01T00:00",,
"Director","1.0","Director-{academy_awards_3187}","{Elia Kazan}","Elia Kazan",,
"Actors","0.6666666666666666","Actors-{academy_awards_2731|golden_globes_2147|actors_32}","{[[Actor: Laurence Harvey], [Actor: Simone Signoret], [Actor: Hermione Baddeley]]|[[Actor: Simone Signoret]]|[[Actor: Simone Signoret]]}","[[Actor: Laurence Harvey], [Actor: Simone Signoret], [Actor: Hermione Baddeley]]",,
"Actors","0.6666666666666666","Actors-{academy_awards_2507|golden_globes_2064|actors_114}","{[[Actor: Sidney Poitier], [Actor: Lilia Skala]]|[[Actor: Sidney Poitier], [Actor: Lilia Skala]]|[[Actor: Sidney Poitier]]}","[[Actor: Lilia Skala], [Actor: Sidney Poitier]]",,
"Actors","0.6666666666666666","Actors-{academy_awards_3000|actors_105|golden_globes_2217}","{[[Actor: Marlon Brando], [Actor: Lee J. Cobb], [Actor: Karl Malden], [Actor: Rod Steiger], [Actor: Eva Marie Saint]]|[[Actor: Marlon Brando]]|[[Actor: Marlon Brando]]}","[[Actor: Lee J. Cobb], [Actor: Eva Marie Saint], [Actor: Karl Malden], [Actor: Rod Steiger], [Actor: Marlon Brando]]",,
"Date","0.6666666666666666","Date-{actors_143|golden_globes_717|academy_awards_779}","{1997-01-01T00:00|1997-01-01T00:00|1996-01-01T00:00}","1997-01-01T00:00",,
"Actors","0.0","Actors-{golden_globes_2230|actors_103|academy_awards_3124}","{[[Actor: Gary Cooper], [Actor: Katy Jurado]]|[[Actor: Gary Cooper], [Actor: Johnny Depp]]|[[Actor: Gary Cooper]]}","[[Actor: Katy Jurado], [Actor: Johnny Depp], [Actor: Gary Cooper]]",,
"Actors","1.0","Actors-{actors_75|academy_awards_508|golden_globes_454}","{[[Actor: Halle Berry]]|[[Actor: Halle Berry]]|[[Actor: Halle Berry]]}","[[Actor: Halle Berry]]",,
"Date","0.0","Date-{academy_awards_3363|actors_21}","{1948-01-01T00:00|1949-01-01T00:00}","1948-01-01T00:00","true","1948-01-01T00:00"
"Title","1.0","Title-{academy_awards_3624|actors_17}","{Gaslight|Gaslight}","Gaslight","true","Gaslight"
"Actors","0.6666666666666666","Actors-{academy_awards_1435|golden_globes_1325|actors_58}","{[[Actor: John Malkovich], [Actor: Sally Field], [Actor: Lindsay Crouse]]|[[Actor: Sally Field]]|[[Actor: Sally Field]]}","[[Actor: John Malkovich], [Actor: Sally Field], [Actor: Lindsay Crouse]]",,
"Title","1.0","Title-{actors_83|academy_awards_4444}","{Dr. Jekyll and Mr. Hyde|Dr. Jekyll and Mr. Hyde}","Dr. Jekyll and Mr. Hyde",,
"Date","0.0","Date-{academy_awards_4446|actors_5}","{1931-01-01T00:00|1933-01-01T00:00}","1931-01-01T00:00",,
"Actors","0.0","Actors-{academy_awards_3423|actors_20}","{[[Actor: Charles Bickford], [Actor: Loretta Young]]|[[Actor: Loretta Young]]}","[[Actor: Loretta Young], [Actor: Charles Bickford]]","true","[[Actor: Charles Bickford], [Actor: Loretta Young]]"
"Date","0.6666666666666666","Date-{academy_awards_1731|actors_52|golden_globes_1608}","{1978-01-01T00:00|1979-01-01T00:00|1979-01-01T00:00}","1979-01-01T00:00",,
"Title","1.0","Title-{golden_globes_1242|actors_134|academy_awards_1331}","{Color Of Money, The|The Color of Money|The Color of Money}","The Color of Money",,
"Date","0.0","Date-{actors_83|academy_awards_4444}","{1933-01-01T00:00|1931-01-01T00:00}","1933-01-01T00:00",,
"Director","1.0","Director-{academy_awards_2943}","{Delbert Mann}","Delbert Mann",,
"Director","1.0","Director-{academy_awards_2789|golden_globes_2164}","{Robert Wise|Robert Wise}","Robert Wise",,
"Actors","0.0","Actors-{academy_awards_3713|actors_94}","{[[Actor: Paul Lukas], [Actor: Lucile Watson]]|[[Actor: Paul Lukas]]}","[[Actor: Paul Lukas], [Actor: Lucile Watson]]","true","[[Actor: Paul Lukas], [Actor: Lucile Watson]]"
"Actors","1.0","Actors-{actors_96|academy_awards_3540}","{[[Actor: Ray Milland]]|[[Actor: Ray Milland]]}","[[Actor: Ray Milland]]",,
"Director","1.0","Director-{academy_awards_3186}","{John Huston}","John Huston","true","John Huston"
"Actors","0.6666666666666666","Actors-{golden_globes_562|academy_awards_608|actors_146}","{[[Actor: Annette Bening], [Actor: Kevin Spacey]]|[[Actor: Kevin Spacey], [Actor: Annette Bening]]|[[Actor: Kevin Spacey]]}","[[Actor: Annette Bening], [Actor: Kevin Spacey]]",,
"Title","1.0","Title-{actors_4|academy_awards_4475}","{Min and Bill|Min and Bill}","Min and Bill",,
"Director","1.0","Director-{academy_awards_3910}","{Howard Hawks}","Howard Hawks","true","Howard Hawks"
"Director","1.0","Director-{academy_awards_3813}","{Michael Curtiz}","Michael Curtiz","true","Michael Curtiz"
"Title","1.0","Title-{actors_41|golden_globes_1979|academy_awards_2240}","{Funny Girl|Funny Girl|Funny Girl}","Funny Girl",,
"Title","0.6666666666666666","Title-{actors_75|academy_awards_508|golden_globes_454}","{Monsters Ball|Monster's Ball|Monster's Ball}","Monsters Ball",,
"Date","0.6666666666666666","Date-{golden_globes_1854|actors_123|academy_awards_2035}","{1973-01-01T00:00|1973-01-01T00:00|1972-01-01T00:00}","1973-01-01T00:00",,
"Date","0.6666666666666666","Date-{academy_awards_448|actors_149|golden_globes_417}","{2002-01-01T00:00|2003-01-01T00:00|2003-01-01T00:00}","2003-01-01T00:00",,
"Actors","0.0","Actors-{golden_globes_2264|academy_awards_3300|actors_100}","{[[Actor: Mercedes McCambridge]]|[[Actor: Broderick Crawford], [Actor: John Ireland], [Actor: Mercedes McCambridge]]|[[Actor: Broderick Crawford]]}","[[Actor: Mercedes McCambridge], [Actor: Broderick Crawford], [Actor: John Ireland]]",,
"Title","1.0","Title-{golden_globes_1684|actors_50|academy_awards_1829}","{Network|Network|Network}","Network",,
"Date","0.6666666666666666","Date-{academy_awards_910|actors_68|golden_globes_812}","{1994-01-01T00:00|1995-01-01T00:00|1995-01-01T00:00}","1995-01-01T00:00",,
"Actors","0.0","Actors-{academy_awards_1279|golden_globes_1189|actors_61}","{[[Actor: Vincent Gardenia], [Actor: Cher], [Actor: Olympia Dukakis]]|[[Actor: Cher], [Actor: Nicolas Cage], [Actor: Olympia Dukakis]]|[[Actor: Cher]]}","[[Actor: Cher], [Actor: Nicolas Cage], [Actor: Vincent Gardenia], [Actor: Olympia Dukakis]]",,
"Actors","0.0","Actors-{academy_awards_3625|actors_95|golden_globes_2277}","{[[Actor: Bing Crosby], [Actor: Barry Fitzgerald], [Actor: Barry Fitzgerald]]|[[Actor: Bing Crosby]]|[[Actor: Barry Fitzgerald]]}","[[Actor: Barry Fitzgerald], [Actor: Bing Crosby]]",,
"Director","1.0","Director-{golden_globes_817|academy_awards_902}","{Robert Zemeckis|Robert Zemeckis}","Robert Zemeckis",,
"Date","0.0","Date-{academy_awards_3624|actors_17}","{1944-01-01T00:00|1945-01-01T00:00}","1944-01-01T00:00","true","1944-01-01T00:00"
"Date","0.6666666666666666","Date-{academy_awards_2675|golden_globes_2128|actors_111}","{1960-01-01T00:00|1961-01-01T00:00|1961-01-01T00:00}","1961-01-01T00:00",,
"Date","0.75","Date-{academy_awards_723|actors_71|golden_globes_672|actors_144}","{1997-01-01T00:00|1998-01-01T00:00|1998-01-01T00:00|1998-01-01T00:00}","1998-01-01T00:00",,
"Actors","1.0","Actors-{golden_globes_1125|actors_62|academy_awards_1229}","{[[Actor: Jodie Foster]]|[[Actor: Jodie Foster]]|[[Actor: Jodie Foster]]}","[[Actor: Jodie Foster]]",,
"Director","1.0","Director-{golden_globes_2013|academy_awards_2397}","{John Schlesinger|John Schlesinger}","John Schlesinger",,
"Title","1.0","Title-{actors_104|academy_awards_3059}","{Stalag 17|Stalag 17}","Stalag 17","true","Stalag 17"
"Actors","0.6666666666666666","Actors-{actors_143|golden_globes_717|academy_awards_779}","{[[Actor: Geoffrey Rush]]|[[Actor: Geoffrey Rush]]|[[Actor: Geoffrey Rush], [Actor: Armin Mueller-Stahl]]}","[[Actor: Armin Mueller-Stahl], [Actor: Geoffrey Rush]]",,
"Title","0.0","Title-{actors_9|academy_awards_4270}","{The Great Zeigfeld|The Great Ziegfeld}","The Great Zeigfeld","false","The Great Ziegfeld"
"Title","1.0","Title-{academy_awards_1988|golden_globes_1814|actors_124}","{Save the Tiger|Save The Tiger|Save the Tiger}","Save the Tiger",,
"Date","0.6666666666666666","Date-{academy_awards_2507|golden_globes_2064|actors_114}","{1963-01-01T00:00|1964-01-01T00:00|1964-01-01T00:00}","1964-01-01T00:00",,
"Director","1.0","Director-{academy_awards_4270}","{Robert Z. Leonard}","Robert Z. Leonard","true","Robert Z. Leonard"
"Title","1.0","Title-{academy_awards_3001|actors_27|golden_globes_2216}","{The Country Girl|The Country Girl|Country Girl, The}","The Country Girl",,
"Date","0.6666666666666666","Date-{golden_globes_372|academy_awards_402|actors_150}","{2004-01-01T00:00|2003-01-01T00:00|2004-01-01T00:00}","2004-01-01T00:00",,
"Title","1.0","Title-{academy_awards_1778|actors_127|golden_globes_1657}","{The Goodbye Girl|The Goodbye Girl|Goodbye Girl, The}","The Goodbye Girl",,
"Date","0.6666666666666666","Date-{golden_globes_2264|academy_awards_3300|actors_100}","{1950-01-01T00:00|1949-01-01T00:00|1950-01-01T00:00}","1950-01-01T00:00",,
"Date","0.6666666666666666","Date-{academy_awards_3625|actors_95|golden_globes_2277}","{1944-01-01T00:00|1945-01-01T00:00|1945-01-01T00:00}","1945-01-01T00:00",,
"Director","1.0","Director-{academy_awards_345|golden_globes_316}","{Clint Eastwood|Clint Eastwood}","Clint Eastwood",,
"Title","1.0","Title-{actors_24|academy_awards_3187|golden_globes_2240}","{A Streetcar Named Desire|A Streetcar Named Desire|Streetcar Named Desire, a}","A Streetcar Named Desire",,
"Title","1.0","Title-{actors_91|academy_awards_4015}","{The Philadelphia Story|The Philadelphia Story}","The Philadelphia Story","true","The Philadelphia Story"
"Date","0.6666666666666666","Date-{golden_globes_2230|actors_103|academy_awards_3124}","{1953-01-01T00:00|1953-01-01T00:00|1952-01-01T00:00}","1953-01-01T00:00",,
"Title","1.0","Title-{academy_awards_2334|golden_globes_2000|actors_39}","{Who's Afraid of Virginia Woolf?|Who's Afraid Of Virginia Woolf|Who�s Afraid of Virginia Woolf}","Who's Afraid Of Virginia Woolf",,
"Title","1.0","Title-{golden_globes_2013|academy_awards_2397|actors_38}","{Darling|Darling|Darling}","Darling",,
"Title","1.0","Title-{academy_awards_723|actors_71|golden_globes_672|actors_144}","{As Good as It Gets|As Good As It Gets|as Good as It Gets|As Good as It Gets}","As Good as It Gets",,
"Date","0.0","Date-{actors_81|academy_awards_4491}","{1931-01-01T00:00|1929-01-01T00:00}","1931-01-01T00:00",,
"Director","1.0","Director-{academy_awards_3305|golden_globes_2263}","{William Wyler|William Wyler}","William Wyler",,
"Director","1.0","Director-{academy_awards_346}","{Taylor Hackford}","Taylor Hackford",,
"Title","1.0","Title-{academy_awards_4320|actors_8}","{Dangerous|Dangerous}","Dangerous",,
"Date","0.6666666666666666","Date-{actors_66|academy_awards_1022|golden_globes_920}","{1993-01-01T00:00|1992-01-01T00:00|1993-01-01T00:00}","1993-01-01T00:00",,
"Title","0.6666666666666666","Title-{academy_awards_1532|actors_130|golden_globes_1436}","{Gandhi|Ghandi|Gandhi}","Gandhi",,
"Director","1.0","Director-{golden_globes_2279|academy_awards_3716}","{Henry King|Henry King}","Henry King","true",
"Title","0.6666666666666666","Title-{golden_globes_817|actors_141|academy_awards_902}","{Forrest Gump|Forest Gump|Forrest Gump}","Forest Gump",,
"Actors","1.0","Actors-{academy_awards_4363|actors_7}","{[[Actor: Clark Gable], [Actor: Claudette Colbert]]|[[Actor: Claudette Colbert], [Actor: Clark Gable]]}","[[Actor: Clark Gable], [Actor: Claudette Colbert]]",,
"Actors","0.0","Actors-{actors_41|academy_awards_2240}","{[[Actor: Barbra Streisand]]|[[Actor: Barbra Streisand], [Actor: Kay Medford]]}","[[Actor: Kay Medford], [Actor: Barbra Streisand]]",,
"Title","1.0","Title-{golden_globes_1854|actors_123|academy_awards_2035}","{Godfather, The|The Godfather|The Godfather}","The Godfather",,
"Actors","1.0","Actors-{golden_globes_1970|actors_119|academy_awards_2234}","{[[Actor: Cliff Robertson]]|[[Actor: Cliff Robertson]]|[[Actor: Cliff Robertson]]}","[[Actor: Cliff Robertson]]",,
"Actors","1.0","Actors-{actors_6|academy_awards_4399}","{[[Actor: Katharine Hepburn]]|[[Actor: Katharine Hepburn]]}","[[Actor: Katharine Hepburn]]",,
"Director","1.0","Director-{golden_globes_1979}","{William Wyler}","William Wyler",,
"Actors","1.0","Actors-{academy_awards_1532|actors_130|golden_globes_1436}","{[[Actor: Ben Kingsley]]|[[Actor: Ben Kingsley]]|[[Actor: Ben Kingsley]]}","[[Actor: Ben Kingsley]]",,
"Actors","0.0","Actors-{actors_91|academy_awards_4015}","{[[Actor: James Stewart]]|[[Actor: James Stewart], [Actor: Katharine Hepburn], [Actor: Ruth Hussey]]}","[[Actor: Ruth Hussey], [Actor: Katharine Hepburn], [Actor: James Stewart]]","true","[[Actor: James Stewart], [Actor: Katharine Hepburn], [Actor: Ruth Hussey]]"
"Date","0.6666666666666666","Date-{golden_globes_1242|actors_134|academy_awards_1331}","{1987-01-01T00:00|1987-01-01T00:00|1986-01-01T00:00}","1987-01-01T00:00",,
"Date","0.6666666666666666","Date-{golden_globes_1772|academy_awards_1943|actors_48}","{1975-01-01T00:00|1974-01-01T00:00|1975-01-01T00:00}","1975-01-01T00:00",,
"Actors","0.6666666666666666","Actors-{actors_142|academy_awards_842|golden_globes_759}","{[[Actor: Nicolas Cage]]|[[Actor: Nicolas Cage], [Actor: Elisabeth Shue]]|[[Actor: Elisabeth Shue], [Actor: Nicolas Cage]]}","[[Actor: Elisabeth Shue], [Actor: Nicolas Cage]]",,
"Title","1.0","Title-{academy_awards_910|actors_68|golden_globes_812}","{Blue Sky|Blue Sky|Blue Sky}","Blue Sky",,
"Date","0.6666666666666666","Date-{academy_awards_2334|golden_globes_2000|actors_39}","{1966-01-01T00:00|1967-01-01T00:00|1967-01-01T00:00}","1967-01-01T00:00",,
"Date","0.6666666666666666","Date-{actors_60|golden_globes_1236|academy_awards_1330}","{1987-01-01T00:00|1987-01-01T00:00|1986-01-01T00:00}","1987-01-01T00:00",,
"Title","1.0","Title-{actors_64|golden_globes_1020|academy_awards_1122}","{Misery|Misery|Misery}","Misery",,
"Director","1.0","Director-{golden_globes_513|academy_awards_553}","{Ridley Scott|Ridley Scott}","Ridley Scott",,
"Title","1.0","Title-{golden_globes_1541|academy_awards_1633|actors_54}","{Coal Miner's Daughter|Coal Miner's Daughter|Coal Miner�s Daughter}","Coal Miner's Daughter",,
"Title","1.0","Title-{actors_151|academy_awards_346}","{Ray|Ray}","Ray",,
"Title","1.0","Title-{actors_60|golden_globes_1236|academy_awards_1330}","{Children of a Lesser God|Children Of a Lesser God|Children of a Lesser God}","Children of a Lesser God",,
"Date","0.6666666666666666","Date-{actors_76|academy_awards_453|golden_globes_414}","{2003-01-01T00:00|2002-01-01T00:00|2003-01-01T00:00}","2003-01-01T00:00",,
"Title","1.0","Title-{actors_66|academy_awards_1022|golden_globes_920}","{Howards End|Howards End|Howards End}","Howards End",,
"Title","1.0","Title-{academy_awards_4529|actors_2}","{Coquette|Coquette}","Coquette",,
"Actors","0.6666666666666666","Actors-{golden_globes_2212|academy_awards_2943|actors_106}","{[[Actor: Ernest Borgnine]]|[[Actor: Ernest Borgnine], [Actor: Joe Mantell], [Actor: Betsy Blair]]|[[Actor: Ernest Borgnine]]}","[[Actor: Joe Mantell], [Actor: Ernest Borgnine], [Actor: Betsy Blair]]",,
"Title","1.0","Title-{actors_99|academy_awards_3366}","{Hamlet|Hamlet}","Hamlet","true","Hamlet"
"Title","1.0","Title-{academy_awards_4261|actors_87}","{The Story of Louis Pasteur|The Story of Louis Pasteur}","The Story of Louis Pasteur",,
"Actors","1.0","Actors-{actors_4|academy_awards_4475}","{[[Actor: Marie Dressler]]|[[Actor: Marie Dressler]]}","[[Actor: Marie Dressler]]",,
"Actors","1.0","Actors-{academy_awards_4140|actors_89}","{[[Actor: Spencer Tracy]]|[[Actor: Spencer Tracy]]}","[[Actor: Spencer Tracy]]",,
"Title","1.0","Title-{academy_awards_3816|actors_15}","{Mrs. Miniver|Mrs. Miniver}","Mrs. Miniver","true","Mrs. Miniver"
"Actors","1.0","Actors-{academy_awards_448|actors_149|golden_globes_417}","{[[Actor: Adrien Brody]]|[[Actor: Adrien Brody]]|[[Actor: Adrien Brody]]}","[[Actor: Adrien Brody]]",,
"Date","0.6666666666666666","Date-{golden_globes_1785|academy_awards_1936|actors_125}","{1975-01-01T00:00|1974-01-01T00:00|1975-01-01T00:00}","1975-01-01T00:00",,
"Date","0.6666666666666666","Date-{actors_72|academy_awards_671|golden_globes_623}","{1999-01-01T00:00|1998-01-01T00:00|1999-01-01T00:00}","1999-01-01T00:00",,
"Director","1.0","Director-{academy_awards_4140}","{Norman Taurog}","Norman Taurog",,
"Date","0.0","Date-{academy_awards_3713|actors_94}","{1943-01-01T00:00|1944-01-01T00:00}","1943-01-01T00:00","true","1943-01-01T00:00"
"Title","1.0","Title-{academy_awards_1168|actors_137|golden_globes_1080}","{My Left Foot|My Left Foot|My Left Foot}","My Left Foot",,
"Date","0.6666666666666666","Date-{golden_globes_2255|academy_awards_3244|actors_101}","{1951-01-01T00:00|1950-01-01T00:00|1951-01-01T00:00}","1951-01-01T00:00",,
"Director","1.0","Director-{academy_awards_3060}","{William Wyler}","William Wyler",,
"Actors","1.0","Actors-{academy_awards_3418|actors_98}","{[[Actor: Ronald Colman]]|[[Actor: Ronald Colman]]}","[[Actor: Ronald Colman]]",,
"Date","0.6666666666666666","Date-{golden_globes_1684|actors_50|academy_awards_1829}","{1977-01-01T00:00|1977-01-01T00:00|1976-01-01T00:00}","1977-01-01T00:00",,
"Director","1.0","Director-{academy_awards_842|golden_globes_759}","{Mike Figgis|Mike Figgis}","Mike Figgis",,
"Date","0.0","Date-{actors_18|academy_awards_3548}","{1946-01-01T00:00|1945-01-01T00:00}","1946-01-01T00:00","false","1945-01-01T00:00"
"Director","1.0","Director-{golden_globes_2252|academy_awards_3252}","{George Cukor|George Cukor}","George Cukor",,
"Date","0.6666666666666666","Date-{golden_globes_562|academy_awards_608|actors_146}","{2000-01-01T00:00|1999-01-01T00:00|2000-01-01T00:00}","2000-01-01T00:00",,
"Director","1.0","Director-{academy_awards_4020}","{Sam Wood}","Sam Wood",,
"Director","1.0","Director-{academy_awards_1435}","{Robert Benton}","Robert Benton",,
"Date","0.6666666666666666","Date-{golden_globes_924|actors_139|academy_awards_1012}","{1993-01-01T00:00|1993-01-01T00:00|1992-01-01T00:00}","1993-01-01T00:00",,
"Actors","0.6666666666666666","Actors-{actors_29|golden_globes_2198|academy_awards_2892}","{[[Actor: Ingrid Bergman]]|[[Actor: Ingrid Bergman], [Actor: Helen Hayes]]|[[Actor: Ingrid Bergman]]}","[[Actor: Ingrid Bergman], [Actor: Helen Hayes]]",,
"Actors","0.0","Actors-{actors_97|academy_awards_3480}","{[[Actor: Fredric March]]|[[Actor: Fredric March], [Actor: Harold Russell]]}","[[Actor: Harold Russell], [Actor: Fredric March]]","true","[[Actor: Fredric March], [Actor: Harold Russell]]"
"Title","1.0","Title-{golden_globes_2212|academy_awards_2943|actors_106}","{Marty|Marty|Marty}","Marty",,
"Title","1.0","Title-{golden_globes_1482|actors_55|academy_awards_1580}","{On Golden Pond|On Golden Pond|On Golden Pond}","On Golden Pond",,
"Actors","1.0","Actors-{academy_awards_4207|actors_10}","{[[Actor: Luise Rainer]]|[[Actor: Luise Rainer]]}","[[Actor: Luise Rainer]]",,
"Date","0.6666666666666666","Date-{academy_awards_618|actors_73|golden_globes_565}","{1999-01-01T00:00|2000-01-01T00:00|2000-01-01T00:00}","2000-01-01T00:00",,
"Director","1.0","Director-{golden_globes_2165}","{Delbert Mann}","Delbert Mann",,
"Date","0.0","Date-{actors_88|academy_awards_4201}","{1938-01-01T00:00|1937-01-01T00:00}","1938-01-01T00:00",,
"Date","0.6666666666666666","Date-{golden_globes_2275|actors_96|academy_awards_3540}","{1946-01-01T00:00|1946-01-01T00:00|1945-01-01T00:00}","1946-01-01T00:00",,
"Director","1.0","Director-{academy_awards_2731}","{Jack Clayton}","Jack Clayton",,
"Title","1.0","Title-{academy_awards_1995|golden_globes_1819|actors_47}","{A Touch of Class|Touch Of Class, a|A Touch of Class}","A Touch of Class",,
"Title","0.6666666666666666","Title-{golden_globes_1772|academy_awards_1943|actors_48}","{Alice Doesn't Live Here Anymore|Alice Doesn't Live Here Anymore|Alice Doesn�t live Here Anymor}","Alice Doesn�t live Here Anymor",,
"Date","0.6666666666666666","Date-{golden_globes_1131|academy_awards_1220|actors_136}","{1989-01-01T00:00|1988-01-01T00:00|1989-01-01T00:00}","1989-01-01T00:00",,
"Director","1.0","Director-{golden_globes_1963|academy_awards_2233}","{Anthony Harvey|Anthony Harvey}","Anthony Harvey",,
"Date","0.6666666666666666","Date-{academy_awards_1069|golden_globes_974|actors_65}","{1991-01-01T00:00|1992-01-01T00:00|1992-01-01T00:00}","1992-01-01T00:00",,
"Actors","0.6666666666666666","Actors-{academy_awards_968|actors_67|golden_globes_866}","{[[Actor: Holly Hunter], [Actor: Anna Paquin]]|[[Actor: Holly Hunter]]|[[Actor: Holly Hunter], [Actor: Anna Paquin]]}","[[Actor: Anna Paquin], [Actor: Holly Hunter]]",,
"Director","1.0","Director-{academy_awards_1671|golden_globes_1569}","{Robert Benton|Robert Benton}","Robert Benton",,
"Director","1.0","Director-{academy_awards_781|golden_globes_720}","{Joel Coen|Joel Coen}","Joel Coen",,
"Director","1.0","Director-{academy_awards_1776|golden_globes_1656}","{Woody Allen|Woody Allen}","Woody Allen",,
"Actors","0.0","Actors-{golden_globes_1854|actors_123|academy_awards_2035}","{[[Actor: Marlon Brando], [Actor: Al Pacino], [Actor: James Caan]]|[[Actor: Marlon Brando]]|[[Actor: Marlon Brando], [Actor: James Caan], [Actor: Robert Duvall], [Actor: Al Pacino]]}","[[Actor: Al Pacino], [Actor: Robert Duvall], [Actor: James Caan], [Actor: Marlon Brando]]",,
"Title","1.0","Title-{actors_84|academy_awards_4442}","{The Champ|The Champ}","The Champ",,
"Director","1.0","Director-{academy_awards_2566|golden_globes_2093}","{Robert Mulligan|Robert Mulligan}","Robert Mulligan",,
"Actors","0.6666666666666666","Actors-{golden_globes_2226|academy_awards_3132|actors_25}","{[[Actor: Shirley Booth]]|[[Actor: Shirley Booth], [Actor: Terry Moore]]|[[Actor: Shirley Booth]]}","[[Actor: Terry Moore], [Actor: Shirley Booth]]",,
"Title","1.0","Title-{academy_awards_3625|actors_95|golden_globes_2277}","{Going My Way|Going My Way|Going My Way}","Going My Way",,
"Actors","0.6666666666666666","Actors-{actors_128|academy_awards_1671|golden_globes_1569}","{[[Actor: Dustin Hoffman]]|[[Actor: Dustin Hoffman], [Actor: Justin Henry], [Actor: Jane Alexander], [Actor: Meryl Streep]]|[[Actor: Dustin Hoffman], [Actor: Jane Alexander], [Actor: Meryl Streep], [Actor: Justin Henry]]}","[[Actor: Jane Alexander], [Actor: Justin Henry], [Actor: Dustin Hoffman], [Actor: Meryl Streep]]",,
"Actors","1.0","Actors-{actors_81|academy_awards_4491}","{[[Actor: George Arliss]]|[[Actor: George Arliss]]}","[[Actor: George Arliss]]",,
"Title","1.0","Title-{academy_awards_3363|actors_21}","{Johnny Belinda|Johnny Belinda}","Johnny Belinda","true","Johnny Belinda"
"Date","0.6666666666666666","Date-{golden_globes_1541|academy_awards_1633|actors_54}","{1981-01-01T00:00|1980-01-01T00:00|1981-01-01T00:00}","1981-01-01T00:00",,
"Title","1.0","Title-{academy_awards_2844|actors_30|golden_globes_2184}","{The Three Faces of Eve|The Three Faces of Eve|Three Faces Of Eve, The}","The Three Faces of Eve",,
"Date","0.6666666666666666","Date-{actors_64|golden_globes_1020|academy_awards_1122}","{1991-01-01T00:00|1991-01-01T00:00|1990-01-01T00:00}","1991-01-01T00:00",,
"Date","0.6666666666666666","Date-{academy_awards_2389|golden_globes_2023|actors_116}","{1965-01-01T00:00|1966-01-01T00:00|1966-01-01T00:00}","1966-01-01T00:00",,
"Actors","0.0","Actors-{academy_awards_1169|golden_globes_1087|actors_63}","{[[Actor: Morgan Freeman], [Actor: Dan Aykroyd], [Actor: Jessica Tandy]]|[[Actor: Jessica Tandy], [Actor: Morgan Freeman]]|[[Actor: Jessica Tandy]]}","[[Actor: Morgan Freeman], [Actor: Dan Aykroyd], [Actor: Jessica Tandy]]",,
"Title","1.0","Title-{actors_74|golden_globes_511|academy_awards_560}","{Erin Brockovich|Erin Brockovich|Erin Brockovich}","Erin Brockovich",,
"Date","0.6666666666666666","Date-{academy_awards_2092|golden_globes_1891|actors_45}","{1971-01-01T00:00|1972-01-01T00:00|1972-01-01T00:00}","1972-01-01T00:00",,
"Title","1.0","Title-{actors_85|academy_awards_4397}","{The Private Life of Henry VIII|The Private Life of Henry VIII}","The Private Life of Henry VIII",,
"Director","1.0","Director-{academy_awards_3418}","{George Cukor}","George Cukor",,
"Actors","0.0","Actors-{actors_76|academy_awards_453|golden_globes_414}","{[[Actor: Nicole Kidman]]|[[Actor: Ed Harris], [Actor: Nicole Kidman], [Actor: Julianne Moore]]|[[Actor: Nicole Kidman], [Actor: Meryl Streep], [Actor: Ed Harris]]}","[[Actor: Julianne Moore], [Actor: Nicole Kidman], [Actor: Meryl Streep], [Actor: Ed Harris]]",,
"Date","0.0","Date-{actors_80|academy_awards_4520}","{1930-01-01T00:00|1928-01-01T00:00}","1930-01-01T00:00",,
"Actors","0.0","Actors-{academy_awards_3305|golden_globes_2263|actors_22}","{[[Actor: Ralph Richardson], [Actor: Olivia de Havilland]]|[[Actor: Miriam Hopkins]]|[[Actor: Olivia de Havilland]]}","[[Actor: Ralph Richardson], [Actor: Olivia de Havilland], [Actor: Miriam Hopkins]]",,
"Date","0.6666666666666666","Date-{golden_globes_2013|academy_awards_2397|actors_38}","{1966-01-01T00:00|1965-01-01T00:00|1966-01-01T00:00}","1966-01-01T00:00",,
"Actors","1.0","Actors-{academy_awards_4529|actors_2}","{[[Actor: Mary Pickford]]|[[Actor: Mary Pickford]]}","[[Actor: Mary Pickford]]",,
"Actors","1.0","Actors-{academy_awards_4320|actors_8}","{[[Actor: Bette Davis]]|[[Actor: Bette Davis]]}","[[Actor: Bette Davis]]",,
"Title","1.0","Title-{academy_awards_664|actors_145}","{Life Is Beautiful|Life is Beautiful}","Life Is Beautiful",,
"Title","1.0","Title-{academy_awards_3910|actors_92}","{Sergeant York|Sergeant York}","Sergeant York","true","Sergeant York"
"Date","0.0","Date-{actors_82|academy_awards_4469}","{1932-01-01T00:00|1930-01-01T00:00}","1932-01-01T00:00","false","1931-01-01T00:00"
"Date","0.6666666666666666","Date-{actors_70|academy_awards_781|golden_globes_720}","{1997-01-01T00:00|1996-01-01T00:00|1997-01-01T00:00}","1997-01-01T00:00",,
"Actors","0.6666666666666666","Actors-{actors_147|golden_globes_513|academy_awards_553}","{[[Actor: Russell Crowe]]|[[Actor: Russell Crowe], [Actor: Joaquin Phoenix]]|[[Actor: Russell Crowe], [Actor: Joaquin Phoenix]]}","[[Actor: Russell Crowe], [Actor: Joaquin Phoenix]]",,
"Title","1.0","Title-{actors_44|academy_awards_2141|golden_globes_1910}","{Women In Love|Women in Love|Women In Love}","Women In Love",,
"Actors","0.0","Actors-{academy_awards_1168|actors_137|golden_globes_1080}","{[[Actor: Daniel Day Lewis], [Actor: Brenda Fricker]]|[[Actor: Daniel Day-Lewis]]|[[Actor: Daniel Day-Lewis], [Actor: Brenda Fricker]]}","[[Actor: Daniel Day-Lewis], [Actor: Daniel Day Lewis], [Actor: Brenda Fricker]]",,
"Actors","0.6666666666666666","Actors-{academy_awards_3060|golden_globes_2221|actors_26}","{[[Actor: Eddie Albert], [Actor: Audrey Hepburn]]|[[Actor: Audrey Hepburn]]|[[Actor: Audrey Hepburn]]}","[[Actor: Eddie Albert], [Actor: Audrey Hepburn]]",,
"Actors","1.0","Actors-{golden_globes_1131|academy_awards_1220|actors_136}","{[[Actor: Dustin Hoffman]]|[[Actor: Dustin Hoffman]]|[[Actor: Dustin Hoffman]]}","[[Actor: Dustin Hoffman]]",,
"Date","0.6666666666666666","Date-{academy_awards_1988|golden_globes_1814|actors_124}","{1973-01-01T00:00|1974-01-01T00:00|1974-01-01T00:00}","1974-01-01T00:00",,
"Director","1.0","Director-{golden_globes_2275|academy_awards_3540}","{Billy Wilder|Billy Wilder}","Billy Wilder",,
"Title","1.0","Title-{actors_31|academy_awards_2789|golden_globes_2164}","{I Want to Live!|I Want to Live!|I Want To Live!}","I Want to Live!",,
"Actors","1.0","Actors-{academy_awards_1392|golden_globes_1282|actors_59}","{[[Actor: Geraldine Page]]|[[Actor: Geraldine Page]]|[[Actor: Geraldine Page]]}","[[Actor: Geraldine Page]]",,
"Title","1.0","Title-{actors_118|academy_awards_2287|golden_globes_1988}","{In the Heat of the Night|In the Heat of the Night|In The Heat Of The Night}","In the Heat of the Night",,
"Actors","0.6666666666666666","Actors-{actors_72|academy_awards_671|golden_globes_623}","{[[Actor: Gwyneth Paltrow]]|[[Actor: Geoffrey Rush], [Actor: Gwyneth Paltrow], [Actor: Judi Dench]]|[[Actor: Gwyneth Paltrow], [Actor: Judi Dench], [Actor: Geoffrey Rush]]}","[[Actor: Gwyneth Paltrow], [Actor: Geoffrey Rush], [Actor: Judi Dench]]",,
"Title","1.0","Title-{golden_globes_1970|actors_119|academy_awards_2234}","{Charly|Charly|Charly}","Charly",,
"Title","1.0","Title-{academy_awards_3060|golden_globes_2221|actors_26}","{Roman Holiday|Roman Holiday|Roman Holiday}","Roman Holiday",,
"Actors","1.0","Actors-{academy_awards_4557|actors_1}","{[[Actor: Janet Gaynor]]|[[Actor: Janet Gaynor]]}","[[Actor: Janet Gaynor]]",,
"Date","0.6666666666666666","Date-{golden_globes_1860|actors_46|academy_awards_2040}","{1973-01-01T00:00|1973-01-01T00:00|1972-01-01T00:00}","1973-01-01T00:00",,
"Actors","1.0","Actors-{actors_120|golden_globes_1953|academy_awards_2187}","{[[Actor: John Wayne]]|[[Actor: John Wayne]]|[[Actor: John Wayne]]}","[[Actor: John Wayne]]",,
"Actors","0.6666666666666666","Actors-{academy_awards_618|actors_73|golden_globes_565}","{[[Actor: Hilary Swank], [Actor: Chlo� Sevigny]]|[[Actor: Hilary Swank]]|[[Actor: Hilary Swank], [Actor: Chlo� Sevigny]]}","[[Actor: Chlo� Sevigny], [Actor: Hilary Swank]]",,
"Date","0.0","Date-{actors_84|academy_awards_4442}","{1933-01-01T00:00|1931-01-01T00:00}","1933-01-01T00:00",,
"Date","0.6666666666666666","Date-{golden_globes_1184|academy_awards_1272|actors_135}","{1988-01-01T00:00|1987-01-01T00:00|1988-01-01T00:00}","1988-01-01T00:00",,
"Date","0.6666666666666666","Date-{academy_awards_3060|golden_globes_2221|actors_26}","{1953-01-01T00:00|1954-01-01T00:00|1954-01-01T00:00}","1954-01-01T00:00",,
"Title","1.0","Title-{golden_globes_1860|actors_46|academy_awards_2040}","{Cabaret|Cabaret|Cabaret}","Cabaret",,
"Title","1.0","Title-{academy_awards_1489|golden_globes_1384|actors_57}","{Terms of Endearment|Terms Of Endearment|Terms of Endearment}","Terms of Endearment",,
"Director","1.0","Director-{academy_awards_4363}","{Frank Capra}","Frank Capra",,
"Title","1.0","Title-{academy_awards_3423|actors_20}","{The Farmer's Daughter|The Farmer�s Daughter}","The Farmer's Daughter","true","The Farmer's Daughter"
"Date","0.6666666666666666","Date-{actors_31|academy_awards_2789|golden_globes_2164}","{1959-01-01T00:00|1958-01-01T00:00|1959-01-01T00:00}","1959-01-01T00:00",,
"Title","1.0","Title-{golden_globes_1131|academy_awards_1220|actors_136}","{Rain Man|Rain Man|Rain Man}","Rain Man",,
"Date","0.6666666666666666","Date-{academy_awards_1532|actors_130|golden_globes_1436}","{1982-01-01T00:00|1983-01-01T00:00|1983-01-01T00:00}","1983-01-01T00:00",,
"Date","0.6666666666666666","Date-{actors_128|academy_awards_1671|golden_globes_1569}","{1980-01-01T00:00|1979-01-01T00:00|1980-01-01T00:00}","1980-01-01T00:00",,
"Date","0.6666666666666666","Date-{academy_awards_1995|golden_globes_1819|actors_47}","{1973-01-01T00:00|1974-01-01T00:00|1974-01-01T00:00}","1974-01-01T00:00",,
"Actors","0.6666666666666666","Actors-{academy_awards_2566|actors_113|golden_globes_2093}","{[[Actor: Gregory Peck], [Actor: Mary Badham]]|[[Actor: Gregory Peck]]|[[Actor: Gregory Peck]]}","[[Actor: Mary Badham], [Actor: Gregory Peck]]",,
"Date","0.6666666666666666","Date-{academy_awards_1168|actors_137|golden_globes_1080}","{1989-01-01T00:00|1990-01-01T00:00|1990-01-01T00:00}","1990-01-01T00:00",,
"Actors","1.0","Actors-{academy_awards_2092|golden_globes_1891|actors_45}","{[[Actor: Jane Fonda]]|[[Actor: Jane Fonda]]|[[Actor: Jane Fonda]]}","[[Actor: Jane Fonda]]",,
"Director","1.0","Director-{academy_awards_2883}","{Walter Lang}","Walter Lang",,
"Title","1.0","Title-{academy_awards_2507|golden_globes_2064|actors_114}","{Lilies of the Field|Lilies Of The Field|Lilies of the Field}","Lilies of the Field",,
"Title","1.0","Title-{golden_globes_2275|actors_96|academy_awards_3540}","{Lost Weekend, The|The Lost Weekend|The Lost Weekend}","The Lost Weekend",,
"Date","0.0","Date-{academy_awards_4529|actors_2}","{1928-01-01T00:00|1930-01-01T00:00}","1928-01-01T00:00",,
"Actors","0.6666666666666666","Actors-{actors_74|golden_globes_511|academy_awards_560}","{[[Actor: Julia Roberts]]|[[Actor: Julia Roberts], [Actor: Albert Finney]]|[[Actor: Albert Finney], [Actor: Julia Roberts]]}","[[Actor: Albert Finney], [Actor: Julia Roberts]]",,
"Actors","1.0","Actors-{academy_awards_2844|actors_30|golden_globes_2184}","{[[Actor: Joanne Woodward]]|[[Actor: Joanne Woodward]]|[[Actor: Joanne Woodward]]}","[[Actor: Joanne Woodward]]",,
"Date","0.6666666666666666","Date-{golden_globes_2212|academy_awards_2943|actors_106}","{1956-01-01T00:00|1955-01-01T00:00|1956-01-01T00:00}","1956-01-01T00:00",,
"Director","1.0","Director-{academy_awards_2506|golden_globes_2062}","{Martin Ritt|Martin Ritt}","Martin Ritt",,
"Director","1.0","Director-{golden_globes_2264|academy_awards_3300}","{Robert Rossen|Robert Rossen}","Robert Rossen",,
"Actors","0.6666666666666666","Actors-{academy_awards_2506|golden_globes_2062|actors_36}","{[[Actor: Paul Newman], [Actor: Melvyn Douglas], [Actor: Patricia Neal]]|[[Actor: Paul Newman], [Actor: Patricia Neal], [Actor: Melvyn Douglas]]|[[Actor: Patricia Neal]]}","[[Actor: Paul Newman], [Actor: Patricia Neal], [Actor: Melvyn Douglas]]",,
"Date","0.6666666666666666","Date-{golden_globes_1482|actors_55|academy_awards_1580}","{1982-01-01T00:00|1982-01-01T00:00|1981-01-01T00:00}","1982-01-01T00:00",,
"Actors","0.0","Actors-{actors_11|academy_awards_4146}","{[[Actor: Bette Davis], [Actor: Johnny Depp]]|[[Actor: Bette Davis], [Actor: Fay Bainter]]}","[[Actor: Bette Davis], [Actor: Johnny Depp], [Actor: Fay Bainter]]","false","[[Actor: Bette Davis], [Actor: Fay Bainter]]"
"Title","1.0","Title-{academy_awards_4316|actors_86}","{The Informer|The Informer}","The Informer",,
"Title","1.0","Title-{academy_awards_409|actors_77|golden_globes_366}","{Monster|Monster|Monster}","Monster",,
"Actors","1.0","Actors-{academy_awards_2625|actors_34}","{[[Actor: Sophia Loren]]|[[Actor: Sophia Loren]]}","[[Actor: Sophia Loren]]",,
"Title","1.0","Title-{actors_29|golden_globes_2198|academy_awards_2892}","{Anastasia|Anastasia|Anastasia}","Anastasia",,
"Title","1.0","Title-{golden_globes_924|actors_139|academy_awards_1012}","{Scent Of a Woman|Scent of a Woman|Scent of a Woman}","Scent Of a Woman",,
"Title","1.0","Title-{academy_awards_503|golden_globes_463|actors_148}","{Training Day|Training Day|Training Day}","Training Day",,
"Date","0.6666666666666666","Date-{academy_awards_1778|actors_127|golden_globes_1657}","{1977-01-01T00:00|1978-01-01T00:00|1978-01-01T00:00}","1978-01-01T00:00",,
"Actors","0.6666666666666666","Actors-{golden_globes_1286|academy_awards_1383|actors_133}","{[[Actor: William Hurt], [Actor: Raul Julia], [Actor: Sonia Braga]]|[[Actor: William Hurt]]|[[Actor: William Hurt]]}","[[Actor: Sonia Braga], [Actor: Raul Julia], [Actor: William Hurt]]",,
"Actors","0.6666666666666666","Actors-{academy_awards_503|golden_globes_463|actors_148}","{[[Actor: Denzel Washington], [Actor: Ethan Hawke]]|[[Actor: Denzel Washington]]|[[Actor: Denzel Washington]]}","[[Actor: Denzel Washington], [Actor: Ethan Hawke]]",,
"Title","1.0","Title-{academy_awards_4363|actors_7}","{It Happened One Night|It Happened One Night}","It Happened One Night",,
"Date","0.0","Date-{actors_9|academy_awards_4270}","{1937-01-01T00:00|1936-01-01T00:00}","1937-01-01T00:00","false","1936-01-01T00:00"
"Date","0.6666666666666666","Date-{academy_awards_2844|actors_30|golden_globes_2184}","{1957-01-01T00:00|1958-01-01T00:00|1958-01-01T00:00}","1958-01-01T00:00",,
"Director","1.0","Director-{golden_globes_1131|academy_awards_1220}","{Barry Levinson|Barry Levinson}","Barry Levinson",,
"Actors","1.0","Actors-{golden_globes_1785|academy_awards_1936|actors_125}","{[[Actor: Art Carney]]|[[Actor: Art Carney]]|[[Actor: Art Carney]]}","[[Actor: Art Carney]]",,
"Date","0.0","Date-{academy_awards_4320|actors_8}","{1935-01-01T00:00|1936-01-01T00:00}","1935-01-01T00:00",,
"Actors","1.0","Actors-{actors_9|academy_awards_4270}","{[[Actor: Luise Rainer]]|[[Actor: Luise Rainer]]}","[[Actor: Luise Rainer]]","true","[[Actor: Luise Rainer]]"
"Title","1.0","Title-{academy_awards_2675|golden_globes_2128|actors_111}","{Elmer Gantry|Elmer Gantry|Elmer Gantry}","Elmer Gantry",,
"Director","1.0","Director-{academy_awards_1731|golden_globes_1608}","{Hal Ashby|Hal Ashby}","Hal Ashby",,
"Title","1.0","Title-{actors_140|golden_globes_872|academy_awards_961}","{Philadelphia|Philadelphia|Philadelphia}","Philadelphia",,
"Actors","0.6666666666666666","Actors-{golden_globes_1482|actors_55|academy_awards_1580}","{[[Actor: Katharine Hepburn], [Actor: Henry Fonda], [Actor: Jane Fonda]]|[[Actor: Katharine Hepburn], [Actor: Henry Fonda]]|[[Actor: Henry Fonda], [Actor: Katharine Hepburn], [Actor: Jane Fonda]]}","[[Actor: Katharine Hepburn], [Actor: Jane Fonda], [Actor: Henry Fonda]]",,
"Date","0.0","Date-{academy_awards_4261|actors_87}","{1936-01-01T00:00|1937-01-01T00:00}","1936-01-01T00:00",,
"Date","0.75","Date-{actors_126|academy_awards_1880|golden_globes_1733|actors_49}","{1976-01-01T00:00|1975-01-01T00:00|1976-01-01T00:00|1976-01-01T00:00}","1976-01-01T00:00","false","1975-01-01T00:00"
"Date","0.0","Date-{actors_99|academy_awards_3366}","{1949-01-01T00:00|1948-01-01T00:00}","1949-01-01T00:00","false","1948-01-01T00:00"
"Date","0.6666666666666666","Date-{actors_29|golden_globes_2198|academy_awards_2892}","{1957-01-01T00:00|1957-01-01T00:00|1956-01-01T00:00}","1957-01-01T00:00",,
"Actors","0.6666666666666666","Actors-{academy_awards_1995|golden_globes_1819|actors_47}","{[[Actor: Glenda Jackson]]|[[Actor: Glenda Jackson], [Actor: George Segal]]|[[Actor: Glenda Jackson]]}","[[Actor: George Segal], [Actor: Glenda Jackson]]",,
"Date","0.0","Date-{actors_4|academy_awards_4475}","{1932-01-01T00:00|1930-01-01T00:00}","1932-01-01T00:00",,
"Title","1.0","Title-{actors_18|academy_awards_3548}","{Mildred Pierce|Mildred Pierce}","Mildred Pierce","true","Mildred Pierce"
"Date","0.0","Date-{academy_awards_4316|actors_86}","{1935-01-01T00:00|1936-01-01T00:00}","1935-01-01T00:00",,
"Title","1.0","Title-{academy_awards_4140|actors_89}","{Boys Town|Boys Town}","Boys Town",,
"Title","1.0","Title-{academy_awards_2506|golden_globes_2062|actors_36}","{Hud|Hud|Hud}","Hud",,
"Date","0.6666666666666666","Date-{golden_globes_2165|actors_109|academy_awards_2783}","{1959-01-01T00:00|1959-01-01T00:00|1958-01-01T00:00}","1959-01-01T00:00",,
"Title","1.0","Title-{actors_88|academy_awards_4201}","{Captains Courageous|Captains Courageous}","Captains Courageous",,
"Date","0.6666666666666666","Date-{golden_globes_1895|academy_awards_2085|actors_122}","{1972-01-01T00:00|1971-01-01T00:00|1972-01-01T00:00}","1972-01-01T00:00",,
"Actors","1.0","Actors-{academy_awards_3920|actors_14}","{[[Actor: Joan Fontaine]]|[[Actor: Joan Fontaine]]}","[[Actor: Joan Fontaine]]",,
"Director","1.0","Director-{golden_globes_1684|academy_awards_1829}","{Sidney Lumet|Sidney Lumet}","Sidney Lumet",,
"Actors","0.0","Actors-{golden_globes_2004|academy_awards_2337|actors_117}","{[[Actor: Paul Scofield], [Actor: Robert Shaw]]|[[Actor: Paul Scofield], [Actor: Robert Shaw], [Actor: Wendy Hiller]]|[[Actor: Paul Scofield]]}","[[Actor: Paul Scofield], [Actor: Wendy Hiller], [Actor: Robert Shaw]]",,
"Title","1.0","Title-{academy_awards_448|actors_149|golden_globes_417}","{The Pianist|The Pianist|Pianist, The}","The Pianist",,
"Director","1.0","Director-{academy_awards_1022|golden_globes_920}","{James Ivory|James Ivory}","James Ivory",,
"Title","1.0","Title-{academy_awards_2137|actors_121|golden_globes_1917}","{Patton|Patton|Patton}","Patton",,
"Title","1.0","Title-{academy_awards_3418|actors_98}","{A Double Life|A Double Life}","A Double Life",,
"Date","0.6666666666666666","Date-{academy_awards_3001|actors_27|golden_globes_2216}","{1954-01-01T00:00|1955-01-01T00:00|1955-01-01T00:00}","1955-01-01T00:00",,
"Actors","1.0","Actors-{golden_globes_1950|academy_awards_2194|actors_43}","{[[Actor: Maggie Smith]]|[[Actor: Maggie Smith]]|[[Actor: Maggie Smith]]}","[[Actor: Maggie Smith]]",,
"Date","0.0","Date-{actors_93|academy_awards_3813}","{1943-01-01T00:00|1942-01-01T00:00}","1943-01-01T00:00","false","1942-01-01T00:00"
"Date","0.6666666666666666","Date-{academy_awards_1489|golden_globes_1384|actors_57}","{1983-01-01T00:00|1984-01-01T00:00|1984-01-01T00:00}","1984-01-01T00:00",,
"Title","1.0","Title-{academy_awards_968|actors_67|golden_globes_866}","{The Piano|The Piano|Piano, The}","The Piano",,
"Title","1.0","Title-{golden_globes_1027|academy_awards_1117|actors_138}","{Reversal Of Fortune|Reversal of Fortune|Reversal of Fortune}","Reversal Of Fortune",,
"Director","1.0","Director-{academy_awards_4015}","{George Cukor}","George Cukor","true","George Cukor"
"Title","1.0","Title-{academy_awards_2955|golden_globes_2211|actors_28}","{The Rose Tattoo|Rose Tattoo, The|The Rose Tattoo}","The Rose Tattoo",,
"Director","1.0","Director-{golden_globes_1860|academy_awards_2040}","{Bob Fosse|Bob Fosse}","Bob Fosse",,
"Date","0.6666666666666666","Date-{actors_140|golden_globes_872|academy_awards_961}","{1994-01-01T00:00|1994-01-01T00:00|1993-01-01T00:00}","1994-01-01T00:00",,
"Actors","0.0","Actors-{academy_awards_4081|actors_12}","{[[Actor: Clark Gable], [Actor: Vivien Leigh], [Actor: Olivia de Havilland], [Actor: Hattie McDaniel]]|[[Actor: Vivien Leigh]]}","[[Actor: Olivia de Havilland], [Actor: Hattie McDaniel], [Actor: Clark Gable], [Actor: Vivien Leigh]]","true","[[Actor: Clark Gable], [Actor: Vivien Leigh], [Actor: Olivia de Havilland], [Actor: Hattie McDaniel]]"
"Actors","1.0","Actors-{actors_13|academy_awards_4020}","{[[Actor: Ginger Rogers]]|[[Actor: Ginger Rogers]]}","[[Actor: Ginger Rogers]]",,
"Actors","0.0","Actors-{actors_60|golden_globes_1236|academy_awards_1330}","{[[Actor: Marlee Matlin]]|[[Actor: Marlee Matlin], [Actor: William Hurt]]|[[Actor: William Hurt], [Actor: Marlee Matlin], [Actor: Piper Laurie]]}","[[Actor: Piper Laurie], [Actor: Marlee Matlin], [Actor: William Hurt]]",,
"Actors","1.0","Actors-{academy_awards_1069|golden_globes_974|actors_65}","{[[Actor: Anthony Hopkins], [Actor: Jodie Foster]]|[[Actor: Jodie Foster], [Actor: Anthony Hopkins]]|[[Actor: Jodie Foster], [Actor: Anthony Hopkins]]}","[[Actor: Jodie Foster], [Actor: Anthony Hopkins]]",,
"Actors","1.0","Actors-{golden_globes_2013|academy_awards_2397|actors_38}","{[[Actor: Julie Christie]]|[[Actor: Julie Christie]]|[[Actor: Julie Christie]]}","[[Actor: Julie Christie]]",,
"Date","0.6666666666666666","Date-{golden_globes_1027|academy_awards_1117|actors_138}","{1991-01-01T00:00|1990-01-01T00:00|1991-01-01T00:00}","1991-01-01T00:00",,
"Date","0.6666666666666666","Date-{academy_awards_968|actors_67|golden_globes_866}","{1993-01-01T00:00|1994-01-01T00:00|1994-01-01T00:00}","1994-01-01T00:00",,
"Actors","0.6666666666666666","Actors-{actors_118|academy_awards_2287|golden_globes_1988}","{[[Actor: Rod Steiger]]|[[Actor: Rod Steiger]]|[[Actor: Sidney Poitier], [Actor: Rod Steiger], [Actor: Quentin Dean], [Actor: Lee Grant]]}","[[Actor: Lee Grant], [Actor: Rod Steiger], [Actor: Quentin Dean], [Actor: Sidney Poitier]]",,
"Date","0.6666666666666666","Date-{actors_24|academy_awards_3187|golden_globes_2240}","{1952-01-01T00:00|1951-01-01T00:00|1952-01-01T00:00}","1952-01-01T00:00",,
"Director","1.0","Director-{golden_globes_2187|academy_awards_2837}","{David Lean|David Lean}","David Lean",,
"Date","0.6666666666666666","Date-{golden_globes_2187|actors_108|academy_awards_2837}","{1958-01-01T00:00|1958-01-01T00:00|1957-01-01T00:00}","1958-01-01T00:00",,
"Date","0.0","Date-{academy_awards_4080|actors_90}","{1939-01-01T00:00|1940-01-01T00:00}","1939-01-01T00:00","true","1939-01-01T00:00"
"Actors","0.0","Actors-{golden_globes_2255|academy_awards_3244|actors_101}","{[[Actor: Jos Ferrer]]|[[Actor: Jos� Ferrer]]|[[Actor: Jose Ferrer]]}","[[Actor: Jos Ferrer], [Actor: Jos� Ferrer], [Actor: Jose Ferrer]]",,
"Actors","0.6666666666666666","Actors-{golden_globes_1541|academy_awards_1633|actors_54}","{[[Actor: Sissy Spacek], [Actor: Tommy Lee Jones], [Actor: Beverly D'Angelo]]|[[Actor: Sissy Spacek]]|[[Actor: Sissy Spacek]]}","[[Actor: Sissy Spacek], [Actor: Beverly D'Angelo], [Actor: Tommy Lee Jones]]",,
"Director","1.0","Director-{golden_globes_1533|academy_awards_1623}","{Martin Scorsese|Martin Scorsese}","Martin Scorsese",,
"Director","1.0","Director-{academy_awards_671|golden_globes_623}","{John Madden|John Madden}","John Madden",,
"Date","0.6666666666666666","Date-{actors_78|academy_awards_345|golden_globes_316}","{2005-01-01T00:00|2004-01-01T00:00|2005-01-01T00:00}","2005-01-01T00:00",,
"Date","0.0","Date-{actors_19|academy_awards_3488}","{1947-01-01T00:00|1946-01-01T00:00}","1947-01-01T00:00",,
"Title","1.0","Title-{actors_110|academy_awards_2732|golden_globes_2150}","{Ben-Hur|Ben-Hur|Ben-Hur}","Ben-Hur",,
"Actors","0.0","Actors-{golden_globes_1983|actors_40|academy_awards_2288}","{[[Actor: Katharine Hepburn], [Actor: Spencer Tracy], [Actor: Beah Richards]]|[[Actor: Katharine Hepburn]]|[[Actor: Spencer Tracy], [Actor: Cecil Kellaway], [Actor: Katharine Hepburn], [Actor: Beah Richards]]}","[[Actor: Katharine Hepburn], [Actor: Spencer Tracy], [Actor: Cecil Kellaway], [Actor: Beah Richards]]",,
"Actors","0.5","Actors-{academy_awards_723|actors_71|golden_globes_672|actors_144}","{[[Actor: Jack Nicholson], [Actor: Greg Kinnear], [Actor: Helen Hunt]]|[[Actor: Helen Hunt]]|[[Actor: Helen Hunt], [Actor: Jack Nicholson], [Actor: Greg Kinnear]]|[[Actor: Jack Nicholson]]}","[[Actor: Greg Kinnear], [Actor: Helen Hunt], [Actor: Jack Nicholson]]",,
"Actors","0.0","Actors-{golden_globes_1860|actors_46|academy_awards_2040}","{[[Actor: Liza Minnelli], [Actor: Marisa Berenson], [Actor: Joel Grey]]|[[Actor: Liza Minnelli]]|[[Actor: Joel Grey], [Actor: Liza Minnelli]]}","[[Actor: Joel Grey], [Actor: Liza Minnelli], [Actor: Marisa Berenson]]",,
"Actors","0.6666666666666666","Actors-{actors_70|academy_awards_781|golden_globes_720}","{[[Actor: Frances McDormand]]|[[Actor: William H. Macy], [Actor: Frances McDormand]]|[[Actor: Frances McDormand]]}","[[Actor: William H. Macy], [Actor: Frances McDormand]]",,
"Title","1.0","Title-{academy_awards_4207|actors_10}","{The Good Earth|The Good Earth}","The Good Earth",,
"Date","0.6666666666666666","Date-{actors_74|golden_globes_511|academy_awards_560}","{2001-01-01T00:00|2001-01-01T00:00|2000-01-01T00:00}","2001-01-01T00:00",,
"Actors","0.6666666666666666","Actors-{academy_awards_2334|golden_globes_2000|actors_39}","{[[Actor: Richard Burton], [Actor: George Segal], [Actor: Elizabeth Taylor], [Actor: Sandy Dennis]]|[[Actor: Elizabeth Taylor], [Actor: Richard Burton], [Actor: Sandy Dennis], [Actor: George Segal]]|[[Actor: Elizabeth Taylor]]}","[[Actor: George Segal], [Actor: Richard Burton], [Actor: Elizabeth Taylor], [Actor: Sandy Dennis]]",,
"Title","1.0","Title-{actors_97|academy_awards_3480}","{The Best Years of Our Lives|The Best Years of Our Lives}","The Best Years of Our Lives","true","The Best Years of Our Lives"
"Actors","1.0","Actors-{actors_85|academy_awards_4397}","{[[Actor: Charles Laughton]]|[[Actor: Charles Laughton]]}","[[Actor: Charles Laughton]]",,
"Actors","0.0","Actors-{actors_99|academy_awards_3366}","{[[Actor: Laurence Olivier]]|[[Actor: Laurence Olivier], [Actor: Jean Simmons]]}","[[Actor: Laurence Olivier], [Actor: Jean Simmons]]","true","[[Actor: Laurence Olivier], [Actor: Jean Simmons]]"
"Date","0.6666666666666666","Date-{golden_globes_1970|actors_119|academy_awards_2234}","{1969-01-01T00:00|1969-01-01T00:00|1968-01-01T00:00}","1969-01-01T00:00",,
"Title","0.6666666666666666","Title-{golden_globes_1785|academy_awards_1936|actors_125}","{Harry & Tonto|Harry and Tonto|Harry and Tonto}","Harry & Tonto",,
"Actors","1.0","Actors-{academy_awards_664|actors_145}","{[[Actor: Roberto Benigni]]|[[Actor: Roberto Benigni]]}","[[Actor: Roberto Benigni]]",,
"Title","1.0","Title-{actors_82|academy_awards_4469}","{A Free Soul|A Free Soul}","A Free Soul","true","A Free Soul"
"Director","1.0","Director-{academy_awards_2137|golden_globes_1917}","{Franklin J. Schaffner|Franklin J. Schaffner}","Franklin J. Schaffner",,
"Title","1.0","Title-{academy_awards_1279|golden_globes_1189|actors_61}","{Moonstruck|Moonstruck|Moonstruck}","Moonstruck",,
"Title","1.0","Title-{golden_globes_1125|actors_62|academy_awards_1229}","{Accused, The|The Accused|The Accused}","The Accused",,
"Actors","1.0","Actors-{actors_151|academy_awards_346}","{[[Actor: Jamie Foxx]]|[[Actor: Jamie Foxx]]}","[[Actor: Jamie Foxx]]",,
"Actors","0.0","Actors-{academy_awards_2446|golden_globes_2043|actors_115}","{[[Actor: Rex Harrison], [Actor: Stanley Holloway], [Actor: Gladys Cooper]]|[[Actor: Rex Harrison], [Actor: Stanley Holloway]]|[[Actor: Rex Harrison]]}","[[Actor: Rex Harrison], [Actor: Stanley Holloway], [Actor: Gladys Cooper]]",,
"Director","1.0","Director-{academy_awards_1279}","{Norman Jewison}","Norman Jewison",,
"Title","0.6666666666666666","Title-{academy_awards_1392|golden_globes_1282|actors_59}","{The Trip to Bountiful|Trip To Bountiful, The|Trip to Bountiful}","Trip to Bountiful",,
"Director","1.0","Director-{academy_awards_4442}","{King Vidor}","King Vidor",,
"Title","1.0","Title-{golden_globes_2165|actors_109|academy_awards_2783}","{Separate Tables|Separate Tables|Separate Tables}","Separate Tables",,
"Actors","1.0","Actors-{golden_globes_1184|academy_awards_1272|actors_135}","{[[Actor: Michael Douglas]]|[[Actor: Michael Douglas]]|[[Actor: Michael Douglas]]}","[[Actor: Michael Douglas]]",,
"Actors","0.6666666666666666","Actors-{golden_globes_1684|actors_50|academy_awards_1829}","{[[Actor: Faye Dunaway], [Actor: Peter Finch]]|[[Actor: Faye Dunaway], [Actor: Peter Finch]]|[[Actor: Peter Finch], [Actor: William Holden], [Actor: Ned Beatty], [Actor: Faye Dunaway], [Actor: Beatrice Straight]]}","[[Actor: Faye Dunaway], [Actor: Ned Beatty], [Actor: Beatrice Straight], [Actor: Peter Finch], [Actor: William Holden]]",,
"Title","1.0","Title-{actors_78|academy_awards_345|golden_globes_316}","{Million Dollar Baby|Million Dollar Baby|Million Dollar Baby}","Million Dollar Baby",,
"Date","0.0","Date-{academy_awards_4363|actors_7}","{1934-01-01T00:00|1935-01-01T00:00}","1934-01-01T00:00",,
"Date","0.6666666666666666","Date-{golden_globes_2252|actors_23|academy_awards_3252}","{1951-01-01T00:00|1951-01-01T00:00|1950-01-01T00:00}","1951-01-01T00:00",,
"Title","1.0","Title-{golden_globes_562|academy_awards_608|actors_146}","{American Beauty|American Beauty|American Beauty}","American Beauty",,
"Director","1.0","Director-{golden_globes_1482|academy_awards_1580}","{Mark Rydell|Mark Rydell}","Mark Rydell",,
"Actors","0.0","Actors-{actors_93|academy_awards_3813}","{[[Actor: James Cagney]]|[[Actor: James Cagney], [Actor: Walter Huston]]}","[[Actor: James Cagney], [Actor: Walter Huston]]","true","[[Actor: James Cagney], [Actor: Walter Huston]]"
"Director","1.0","Director-{golden_globes_2128}","{Richard Brooks}","Richard Brooks",,
"Title","1.0","Title-{academy_awards_845|golden_globes_758|actors_69}","{Dead Man Walking|Dead Man Walking|Dead Man Walking}","Dead Man Walking",,
"Director","1.0","Director-{academy_awards_1012}","{Martin Brest}","Martin Brest",,
"Director","1.0","Director-{golden_globes_1895|academy_awards_2085}","{William Friedkin|William Friedkin}","William Friedkin",,
"Title","1.0","Title-{actors_6|academy_awards_4399}","{Morning Glory|Morning Glory}","Morning Glory",,
"Actors","1.0","Actors-{academy_awards_4316|actors_86}","{[[Actor: Victor McLaglen]]|[[Actor: Victor McLaglen]]}","[[Actor: Victor McLaglen]]",,
"Actors","1.0","Actors-{actors_44|academy_awards_2141|golden_globes_1910}","{[[Actor: Glenda Jackson]]|[[Actor: Glenda Jackson]]|[[Actor: Glenda Jackson]]}","[[Actor: Glenda Jackson]]",,
"Director","1.0","Director-{academy_awards_2141|golden_globes_1910}","{Ken Russell|Ken Russell}","Ken Russell",,
"Actors","0.0","Actors-{academy_awards_1489|golden_globes_1384|actors_57}","{[[Actor: John Lithgow], [Actor: Jack Nicholson], [Actor: Shirley MacLaine], [Actor: Debra Winger]]|[[Actor: Shirley MacLaine], [Actor: Debra Winger], [Actor: Jack Nicholson]]|[[Actor: Shirley MacLaine]]}","[[Actor: John Lithgow], [Actor: Shirley MacLaine], [Actor: Debra Winger], [Actor: Jack Nicholson]]",,
"Actors","0.0","Actors-{actors_78|academy_awards_345|golden_globes_316}","{[[Actor: Hilary Swank]]|[[Actor: Clint Eastwood], [Actor: Morgan Freeman], [Actor: Hilary Swank]]|[[Actor: Hilary Swank], [Actor: Morgan Freeman]]}","[[Actor: Morgan Freeman], [Actor: Clint Eastwood], [Actor: Hilary Swank]]",,
"Date","0.6666666666666666","Date-{actors_44|academy_awards_2141|golden_globes_1910}","{1971-01-01T00:00|1970-01-01T00:00|1971-01-01T00:00}","1971-01-01T00:00",,
"Director","1.0","Director-{academy_awards_2452}","{Robert Stevenson}","Robert Stevenson",,
"Actors","0.6666666666666666","Actors-{golden_globes_1772|academy_awards_1943|actors_48}","{[[Actor: Ellen Burstyn], [Actor: Diane Ladd]]|[[Actor: Ellen Burstyn], [Actor: Diane Ladd]]|[[Actor: Ellen Burstyn]]}","[[Actor: Ellen Burstyn], [Actor: Diane Ladd]]",,
"Director","1.0","Director-{academy_awards_845}","{Tim Robbins}","Tim Robbins",,
"Title","1.0","Title-{academy_awards_2731|golden_globes_2147|actors_32}","{Room at the Top|Room at The Top|Room at the Top}","Room at the Top",,
"Actors","1.0","Actors-{academy_awards_2137|actors_121|golden_globes_1917}","{[[Actor: George C. Scott]]|[[Actor: George C. Scott]]|[[Actor: George C. Scott]]}","[[Actor: George C. Scott]]",,
"Date","0.6666666666666666","Date-{actors_110|academy_awards_2732|golden_globes_2150}","{1960-01-01T00:00|1959-01-01T00:00|1960-01-01T00:00}","1960-01-01T00:00",,
"Date","0.6666666666666666","Date-{golden_globes_1434|actors_56|academy_awards_1541}","{1983-01-01T00:00|1983-01-01T00:00|1982-01-01T00:00}","1983-01-01T00:00",,
"Date","0.0","Date-{academy_awards_4081|actors_12}","{1939-01-01T00:00|1940-01-01T00:00}","1939-01-01T00:00","true","1939-01-01T00:00"
"Date","0.0","Date-{actors_13|academy_awards_4020}","{1941-01-01T00:00|1940-01-01T00:00}","1941-01-01T00:00",,
"Title","1.0","Title-{actors_72|academy_awards_671|golden_globes_623}","{Shakespeare in Love|Shakespeare in Love|Shakespeare In Love}","Shakespeare in Love",,
"Actors","1.0","Actors-{golden_globes_1027|academy_awards_1117|actors_138}","{[[Actor: Jeremy Irons]]|[[Actor: Jeremy Irons]]|[[Actor: Jeremy Irons]]}","[[Actor: Jeremy Irons]]",,
"Date","0.6666666666666666","Date-{actors_107|golden_globes_2205|academy_awards_2883}","{1957-01-01T00:00|1957-01-01T00:00|1956-01-01T00:00}","1957-01-01T00:00",,
"Date","0.6666666666666666","Date-{academy_awards_2686|actors_33|golden_globes_2129}","{1960-01-01T00:00|1961-01-01T00:00|1961-01-01T00:00}","1961-01-01T00:00",,
"Actors","1.0","Actors-{golden_globes_2252|actors_23|academy_awards_3252}","{[[Actor: Judy Holliday]]|[[Actor: Judy Holliday]]|[[Actor: Judy Holliday]]}","[[Actor: Judy Holliday]]",,
"Actors","0.0","Actors-{actors_110|academy_awards_2732|golden_globes_2150}","{[[Actor: Charlton Heston]]|[[Actor: Charlton Heston], [Actor: Hugh Griffith]]|[[Actor: Charlton Heston], [Actor: Stephen Boyd]]}","[[Actor: Hugh Griffith], [Actor: Stephen Boyd], [Actor: Charlton Heston]]",,
"Title","1.0","Title-{actors_19|academy_awards_3488}","{To Each His Own|To Each His Own}","To Each His Own",,
"Title","1.0","Title-{golden_globes_2226|academy_awards_3132|actors_25}","{Come Back, Little Sheba|Come Back, Little Sheba|Come Back, Little Sheba}","Come Back, Little Sheba",,
"Director","1.0","Director-{academy_awards_1168}","{Jim Sheridan}","Jim Sheridan",,
"Actors","0.6666666666666666","Actors-{academy_awards_2686|actors_33|golden_globes_2129}","{[[Actor: Elizabeth Taylor]]|[[Actor: Elisabeth Taylor]]|[[Actor: Elizabeth Taylor]]}","[[Actor: Elizabeth Taylor], [Actor: Elisabeth Taylor]]",,
"Title","1.0","Title-{academy_awards_3920|actors_14}","{Suspicion|Suspicion}","Suspicion",,
"Director","1.0","Director-{golden_globes_2114|academy_awards_2620}","{Stanley Kramer|Stanley Kramer}","Stanley Kramer",,
"Title","1.0","Title-{actors_143|golden_globes_717|academy_awards_779}","{Shine|Shine|Shine}","Shine",,
"Date","0.6666666666666666","Date-{golden_globes_1533|academy_awards_1623|actors_129}","{1981-01-01T00:00|1980-01-01T00:00|1981-01-01T00:00}","1981-01-01T00:00",,
"Actors","1.0","Actors-{golden_globes_1434|actors_56|academy_awards_1541}","{[[Actor: Meryl Streep]]|[[Actor: Meryl Streep]]|[[Actor: Meryl Streep]]}","[[Actor: Meryl Streep]]",,
"Title","1.0","Title-{academy_awards_4080|actors_90}","{Goodbye, Mr. Chips|Goodbye, Mr. Chips}","Goodbye, Mr. Chips","true","Goodbye, Mr. Chips"
"Director","1.0","Director-{academy_awards_2287|golden_globes_1988}","{Norman Jewison|Norman Jewison}","Norman Jewison",,
"Director","1.0","Director-{golden_globes_511|academy_awards_560}","{Steven Soderbergh|Steven Soderbergh}","Steven Soderbergh",,
"Director","1.0","Director-{academy_awards_4469}","{Clarence Brown}","Clarence Brown","true","Clarence Brown"
"Title","1.0","Title-{academy_awards_1731|actors_52|golden_globes_1608}","{Coming Home|Coming Home|Coming Home}","Coming Home",,
"Director","1.0","Director-{golden_globes_1388|academy_awards_1487}","{Bruce Beresford|Bruce Beresford}","Bruce Beresford",,
"Actors","1.0","Actors-{academy_awards_4261|actors_87}","{[[Actor: Paul Muni]]|[[Actor: Paul Muni]]}","[[Actor: Paul Muni]]",,
"Title","1.0","Title-{academy_awards_3186|actors_102}","{The African Queen|The African Queen}","The African Queen","true","The African Queen"
"Date","0.6666666666666666","Date-{academy_awards_2137|actors_121|golden_globes_1917}","{1970-01-01T00:00|1971-01-01T00:00|1971-01-01T00:00}","1971-01-01T00:00",,
"Actors","0.6666666666666666","Actors-{golden_globes_2165|actors_109|academy_awards_2783}","{[[Actor: Deborah Kerr], [Actor: David Niven], [Actor: Wendy Hiller]]|[[Actor: David Niven]]|[[Actor: David Niven], [Actor: Deborah Kerr], [Actor: Wendy Hiller]]}","[[Actor: David Niven], [Actor: Wendy Hiller], [Actor: Deborah Kerr]]",,
"Title","1.0","Title-{golden_globes_1184|academy_awards_1272|actors_135}","{Wall Street|Wall Street|Wall Street}","Wall Street",,
"Title","1.0","Title-{academy_awards_2092|golden_globes_1891|actors_45}","{Klute|Klute|Klute}","Klute",,
"Title","1.0","Title-{academy_awards_3305|golden_globes_2263|actors_22}","{The Heiress|Heiress, The|The Heiress}","The Heiress",,
"Title","1.0","Title-{golden_globes_372|academy_awards_402|actors_150}","{Mystic River|Mystic River|Mystic River}","Mystic River",,
"Title","1.0","Title-{academy_awards_4557|actors_1}","{7th Heaven|7th Heaven}","7th Heaven",,
"Actors","0.6666666666666666","Actors-{golden_globes_2078|actors_35|academy_awards_2570}","{[[Actor: Anne Bancroft], [Actor: Patty Duke]]|[[Actor: Anne Bancroft]]|[[Actor: Anne Bancroft], [Actor: Patty Duke]]}","[[Actor: Anne Bancroft], [Actor: Patty Duke]]",,
"Title","1.0","Title-{actors_13|academy_awards_4020}","{Kitty Foyle|Kitty Foyle}","Kitty Foyle",,
"Date","0.0","Date-{academy_awards_3920|actors_14}","{1941-01-01T00:00|1942-01-01T00:00}","1941-01-01T00:00",,
"Date","0.0","Date-{actors_151|academy_awards_346}","{2005-01-01T00:00|2004-01-01T00:00}","2005-01-01T00:00",,
"Actors","0.6666666666666666","Actors-{academy_awards_1776|actors_51|golden_globes_1656}","{[[Actor: Woody Allen], [Actor: Diane Keaton]]|[[Actor: Diane Keaton]]|[[Actor: Diane Keaton], [Actor: Woody Allen]]}","[[Actor: Woody Allen], [Actor: Diane Keaton]]",,
"Date","0.6666666666666666","Date-{academy_awards_1776|actors_51|golden_globes_1656}","{1977-01-01T00:00|1978-01-01T00:00|1978-01-01T00:00}","1978-01-01T00:00",,
"Title","1.0","Title-{actors_128|academy_awards_1671|golden_globes_1569}","{Kramer vs. Kramer|Kramer vs. Kramer|Kramer Vs. Kramer}","Kramer vs. Kramer",,
"Date","0.6666666666666666","Date-{academy_awards_2446|golden_globes_2043|actors_115}","{1964-01-01T00:00|1965-01-01T00:00|1965-01-01T00:00}","1965-01-01T00:00",,
"Actors","0.0","Actors-{golden_globes_817|actors_141|academy_awards_902}","{[[Actor: Tom Hanks], [Actor: Robin Wright Penn], [Actor: Gary Sinise]]|[[Actor: Tom Hanks]]|[[Actor: Tom Hanks], [Actor: Gary Sinise]]}","[[Actor: Tom Hanks], [Actor: Robin Wright Penn], [Actor: Gary Sinise]]",,
"Actors","1.0","Actors-{actors_88|academy_awards_4201}","{[[Actor: Spencer Tracy]]|[[Actor: Spencer Tracy]]}","[[Actor: Spencer Tracy]]",,
"Date","0.6666666666666666","Date-{actors_118|academy_awards_2287|golden_globes_1988}","{1968-01-01T00:00|1967-01-01T00:00|1968-01-01T00:00}","1968-01-01T00:00",,
"Title","1.0","Title-{golden_globes_2255|academy_awards_3244|actors_101}","{Cyrano De Bergerac|Cyrano de Bergerac|Cyrano de Bergerac}","Cyrano De Bergerac",,
